URL,Version,Status,OIDs,Name,Title,Descriptino,Used
https://mos.esante.gouv.fr/NOS/TRE_A00-ProducteurDocNonPS/FHIR/TRE-A00-ProducteurDocNonPS,1.1.0,active,"1.2.250.1.213.1.1.4.6",TRE_A00-ProducteurDocNonPS,null,"Producteur de document non PS","ValueSet/JDV-J59-ContentTypeCode-DMP,ValueSet/JDV-J04-XdsPracticeSettingCode-CISIS,ValueSet/JDV-J62-PracticeSettingCode-DMP,ValueSet/JDV-J05-SubjectRole-CISIS,ValueSet/JDV-J03-XdsContentTypeCode-CISIS,ValueSet/JDV-J02-XdsHealthcareFacilityTypeCode-CISIS,ValueSet/JDV-J61-HealthcareFacilityTypeCode-DMP,ValueSet/JDV-J65-SubjectRole-DMP,ValueSet/JDV-J01-XdsAuthorSpecialty-CISIS,ValueSet/JDV-J56-AuthorSpecialty-DMP"
https://mos.esante.gouv.fr/NOS/TRE_A01-CadreExercice/FHIR/TRE-A01-CadreExercice,1.1.0,active,"1.2.250.1.213.1.1.4.9",TRE_A01-CadreExercice,null,"Cadre d'exercice","ValueSet/JDV-J04-XdsPracticeSettingCode-CISIS,ValueSet/JDV-J62-PracticeSettingCode-DMP"
https://mos.esante.gouv.fr/NOS/TRE_A02-ProfessionSavFaire-CISIS/FHIR/TRE-A02-ProfessionSavFaire-CISIS,1.1.0,active,"1.2.250.1.213.1.1.4.5",TRE_A02-ProfessionSavFaire-CISIS,null,"Profession et savoir-faire CI-SIS","ValueSet/JDV-J01-XdsAuthorSpecialty-CISIS,ValueSet/JDV-J56-AuthorSpecialty-DMP"
https://mos.esante.gouv.fr/NOS/TRE_A03-ClasseDocument/FHIR/TRE-A03-ClasseDocument,1.1.0,active,"1.2.250.1.213.1.1.4.1",TRE_A03-ClasseDocument,null,"Classe de document","ValueSet/JDV-J57-ClassCode-DMP,ValueSet/JDV-J06-XdsClassCode-CISIS"
https://mos.esante.gouv.fr/NOS/TRE_A04-Loinc/FHIR/TRE-A04-Loinc,1.1.0,active,"2.16.840.1.113883.6.1",TRE_A04-Loinc,null,"Termes LOINC utilisés","ValueSet/JDV-J66-TypeCode-DMP,ValueSet/JDV-J154-TypeGlucose-ENS,ValueSet/JDV-J07-XdsTypeCode-CISIS,ValueSet/JDV-J157-MomentGlucose-ENS"
https://mos.esante.gouv.fr/NOS/TRE_A05-TypeDocComplementaire/FHIR/TRE-A05-TypeDocComplementaire,1.1.0,active,"1.2.250.1.213.1.1.4.12",TRE_A05-TypeDocComplementaire,null,"Type de document en complément des nomenclatures internationales","ValueSet/JDV-J66-TypeCode-DMP,ValueSet/JDV-J07-XdsTypeCode-CISIS"
https://mos.esante.gouv.fr/NOS/TRE_A06-FormatCodeComplementaire/FHIR/TRE-A06-FormatCodeComplementaire,1.1.0,active,"1.2.250.1.213.1.1.4.2.282",TRE_A06-FormatCodeComplementaire,null,"formatCode en complément des nomenclatures internationales","ValueSet/JDV-J60-FormatCode-DMP,ValueSet/JDV-J10-XdsFormatCode-CISIS"
https://mos.esante.gouv.fr/NOS/TRE_A07-StatutVisibiliteDocument/FHIR/TRE-A07-StatutVisibiliteDocument,1.1.0,active,"1.2.250.1.213.1.1.4.13",TRE_A07-StatutVisibiliteDocument,null,"Restriction d'audience applicable aux objets référencés","ValueSet/JDV-J110-StatutVisibiliteDocument-CISIS,ValueSet/JDV-J22-RestrictionAudienceVIHF-CISIS,ValueSet/JDV-J58-ConfidentialityCode-DMP,ValueSet/JDV-J64-RestrictionAudienceVIHF-DMP,ValueSet/JDV-J08-XdsConfidentialityCode-CISIS"
https://mos.esante.gouv.fr/NOS/TRE_A08-HL7Confidentiality/FHIR/TRE-A08-HL7Confidentiality,1.1.0,active,"2.16.840.1.113883.5.25",TRE_A08-HL7Confidentiality,null,"HL7 confidentiality","ValueSet/JDV-J58-ConfidentialityCode-DMP,ValueSet/JDV-J08-XdsConfidentialityCode-CISIS"
https://mos.esante.gouv.fr/NOS/TRE_A09-DICOMuidRegistry/FHIR/TRE-A09-DICOMuidRegistry,1.1.0,active,"1.2.840.10008.2.6.1",TRE_A09-DICOMuidRegistry,null,"DICOM UID Registry","ValueSet/JDV-J60-FormatCode-DMP,ValueSet/JDV-J10-XdsFormatCode-CISIS"
https://mos.esante.gouv.fr/NOS/TRE_A10-NomenclatureURN/FHIR/TRE-A10-NomenclatureURN,1.1.0,active,"URN",TRE_A10-NomenclatureURN,null,"Nomenclature identifiée par URN","ValueSet/JDV-J57-ClassCode-DMP,ValueSet/JDV-J60-FormatCode-DMP,ValueSet/JDV-J06-XdsClassCode-CISIS,ValueSet/JDV-J10-XdsFormatCode-CISIS"
https://mos.esante.gouv.fr/NOS/TRE_A11-IheFormatCode/FHIR/TRE-A11-IheFormatCode,1.1.0,active,"1.3.6.1.4.1.19376.1.2.3",TRE_A11-IheFormatCode,null,"IHE formatCode","ValueSet/JDV-J60-FormatCode-DMP,ValueSet/JDV-J10-XdsFormatCode-CISIS"
https://mos.esante.gouv.fr/NOS/TRE_A12-NomenclatureASTM/FHIR/TRE-A12-NomenclatureASTM,1.1.0,active,"ASTM",TRE_A12-NomenclatureASTM,null,"Nomenclature identifiée par ASTM","ValueSet/JDV-J66-TypeCode-DMP,ValueSet/JDV-J07-XdsTypeCode-CISIS"
https://mos.esante.gouv.fr/NOS/TRE_A13-HL7ParticipationType/FHIR/TRE-A13-HL7ParticipationType,1.1.0,active,"2.16.840.1.113883.5.90",TRE_A13-HL7ParticipationType,null,"HL7 Type de participation","ValueSet/JDV-J140-EncounterParticipationType-CISIS,ValueSet/JDV-J144-ParticipationType-CISIS"
https://mos.esante.gouv.fr/NOS/TRE_G00-Langue/FHIR/TRE-G00-Langue,1.1.0,active,"1.2.250.1.71.2.10",TRE_G00-Langue,null,"Langue","ValueSet/JDV-J82-Langue-RASS,ValueSet/JDV-J115-Langue-ENREG"
https://mos.esante.gouv.fr/NOS/TRE_G05-SousSectionTableauCNOP/FHIR/TRE-G05-SousSectionTableauCNOP,1.1.0,active,"1.2.250.1.71.4.2.6",TRE_G05-SousSectionTableauCNOP,null,"Sous-Section du tableau de l'Ordre des Pharmaciens","ValueSet/JDV-J05-SubjectRole-CISIS,ValueSet/JDV-J73-MetierPharmacien-RASS,ValueSet/JDV-J65-SubjectRole-DMP"
https://mos.esante.gouv.fr/NOS/TRE_G07-TypeIdentifiantStructure/FHIR/TRE-G07-TypeIdentifiantStructure,1.1.0,active,"1.2.250.1.71.1.2.14",TRE_G07-TypeIdentifiantStructure,null,"Type d'identifiant de structure","ValueSet/JDV-J104-TypeIdentifiantStructure-RASS,ValueSet/JDV-J236-TypeIdentifiant-ROR"
https://mos.esante.gouv.fr/NOS/TRE_G08-TypeIdentifiantPersonne/FHIR/TRE-G08-TypeIdentifiantPersonne,1.1.0,active,"1.2.250.1.71.1.2.15",TRE_G08-TypeIdentifiantPersonne,null,"Type d'identifiant de personne","ValueSet/JDV-J236-TypeIdentifiant-ROR,ValueSet/JDV-J77-TypeIdentifiantPersonne-RASS"
https://mos.esante.gouv.fr/NOS/TRE_G09-DepartementOM/FHIR/TRE-G09-DepartementOM,1.1.0,active,"1.2.250.1.71.1.2.16",TRE_G09-DepartementOM,null,"Département (outre-mer et Monaco inclus)","ValueSet/JDV-J248-DepartementOM-ROR,ValueSet/JDV-J84-DepartementOM-RASS,ValueSet/JDV-J167-DepartementOM-EPARS"
https://mos.esante.gouv.fr/NOS/TRE_G13-OrientationParticuliere/FHIR/TRE-G13-OrientationParticuliere,1.1.0,active,"1.2.250.1.213.2.31",TRE_G13-OrientationParticuliere,null,"Orientation particulière","ValueSet/JDV-J107-EnsembleSavoirFaire-RASS,ValueSet/JDV-J212-OrientationParticuliere-ROR"
https://mos.esante.gouv.fr/NOS/TRE_G15-ProfessionSante/FHIR/TRE-G15-ProfessionSante,1.1.0,active,"1.2.250.1.71.1.2.7",TRE_G15-ProfessionSante,null,"Professions de santé définies par le code de la santé publique","ValueSet/JDV-J166-Profession-EPARS,ValueSet/JDV-J24-ProfessionAuteurNote-CISIS,ValueSet/JDV-J229-ProfessionSante-ROR,ValueSet/JDV-J05-SubjectRole-CISIS,ValueSet/JDV-J71-ProfessionFonction-MSSante,ValueSet/JDV-J186-ProfessionRessource-ROR,ValueSet/JDV-J121-RolePriseCharge-ENREG,ValueSet/JDV-J239-SpecialitesSNP-SAS,ValueSet/JDV-J65-SubjectRole-DMP,ValueSet/JDV-J106-EnsembleProfession-RASS,ValueSet/JDV-J54-Profession-ROR"
https://mos.esante.gouv.fr/NOS/TRE_G16-ProfessionFormation/FHIR/TRE-G16-ProfessionFormation,1.1.0,active,"1.2.250.1.71.1.2.8",TRE_G16-ProfessionFormation,null,"Professions en formation (carte CPF)","ValueSet/JDV-J05-SubjectRole-CISIS,ValueSet/JDV-J186-ProfessionRessource-ROR,ValueSet/JDV-J65-SubjectRole-DMP,ValueSet/JDV-J54-Profession-ROR"
https://mos.esante.gouv.fr/NOS/TRE_R01-EnsembleSavoirFaire-CISIS/FHIR/TRE-R01-EnsembleSavoirFaire-CISIS,1.1.0,active,"1.2.250.1.71.4.2.5",TRE_R01-EnsembleSavoirFaire-CISIS,null,"Ensemble Savoir-faire CI-SIS (TRE provisoire)","ValueSet/JDV-J05-SubjectRole-CISIS,ValueSet/JDV-J65-SubjectRole-DMP"
https://mos.esante.gouv.fr/NOS/TRE_R02-SecteurActivite/FHIR/TRE-R02-SecteurActivite,1.1.0,active,"1.2.250.1.71.4.2.4",TRE_R02-SecteurActivite,null,"Secteur d'activité","ValueSet/JDV-J59-ContentTypeCode-DMP,ValueSet/JDV-J172-SecteurActivite-EPARS,ValueSet/JDV-J03-XdsContentTypeCode-CISIS,ValueSet/JDV-J02-XdsHealthcareFacilityTypeCode-CISIS,ValueSet/JDV-J101-SecteurActivite-RASS,ValueSet/JDV-J61-HealthcareFacilityTypeCode-DMP,ValueSet/JDV-J126-SecteurActivite-ENREG,ValueSet/JDV-J55-CategorieEG-ROR"
https://mos.esante.gouv.fr/NOS/TRE_R03-AttributionParticuliere/FHIR/TRE-R03-AttributionParticuliere,1.1.0,active,"1.2.250.1.71.1.2.27",TRE_R03-AttributionParticuliere,null,"Attribution particulière","ValueSet/JDV-J90-AttributionParticuliere-RASS"
https://mos.esante.gouv.fr/NOS/TRE_R04-TypeSavoirFaire/FHIR/TRE-R04-TypeSavoirFaire,1.1.0,active,"1.2.250.1.213.1.6.1.16",TRE_R04-TypeSavoirFaire,null,"Type de savoir-faire","ValueSet/JDV-J209-TypeSavoirFaire-ROR,ValueSet/JDV-J91-TypeSavoirFaire-RASS"
https://mos.esante.gouv.fr/NOS/TRE_R06-SectionTableauCNOP/FHIR/TRE-R06-SectionTableauCNOP,1.1.0,active,"1.2.250.1.213.2.37",TRE_R06-SectionTableauCNOP,null,"Section du tableau de l'Ordre des Pharmaciens","ValueSet/JDV-J73-MetierPharmacien-RASS"
https://mos.esante.gouv.fr/NOS/TRE_R09-CategorieProfessionnelle/FHIR/TRE-R09-CategorieProfessionnelle,1.1.0,active,"1.2.250.1.213.1.6.1.10",TRE_R09-CategorieProfessionnelle,null,"Catégorie professionnelle","ValueSet/JDV-J89-CategorieProfessionnelle-RASS,ValueSet/JDV-J118-CategorieProfessionnelle-ENREG"
https://mos.esante.gouv.fr/NOS/TRE_R10-SexeAdministratif/FHIR/TRE-R10-SexeAdministratif,1.1.0,active,"1.2.250.1.213.2.27",TRE_R10-SexeAdministratif,null,"Sexe administratif","ValueSet/JDV-J112-SexeAdministratif-ENREG"
https://mos.esante.gouv.fr/NOS/TRE_R11-CiviliteExercice/FHIR/TRE-R11-CiviliteExercice,1.1.0,active,"1.2.250.1.213.1.6.1.11",TRE_R11-CiviliteExercice,null,"Civilité d'exercice","ValueSet/JDV-J246-Titre-CISIS,ValueSet/JDV-J208-CiviliteExercice-ROR,ValueSet/JDV-J12-CiviliteTitre-CISIS,ValueSet/JDV-J79-CiviliteExercice-RASS"
https://mos.esante.gouv.fr/NOS/TRE_R14-TypeDiplome/FHIR/TRE-R14-TypeDiplome,1.1.0,active,"1.2.250.1.213.1.6.1.36",TRE_R14-TypeDiplome,null,"Type de diplôme","ValueSet/JDV-J81-TypeDiplome-RASS,ValueSet/JDV-J233-TypeDiplome-EPARS"
https://mos.esante.gouv.fr/NOS/TRE_R16-LieuFormation/FHIR/TRE-R16-LieuFormation,1.1.0,active,"1.2.250.1.213.1.6.1.35",TRE_R16-LieuFormation,null,"Lieu de formation","ValueSet/JDV-J235-LieuFormation-EPARS"
https://mos.esante.gouv.fr/NOS/TRE_R17-TypeAutorisation/FHIR/TRE-R17-TypeAutorisation,1.1.0,active,"1.2.250.1.213.1.6.1.14",TRE_R17-TypeAutorisation,null,"Type d'autorisation","ValueSet/JDV-J75-TypeAutorisation-RASS,ValueSet/JDV-J171-TypeAutorisation-EPARS"
https://mos.esante.gouv.fr/NOS/TRE_R18-DisciplineAutorisation/FHIR/TRE-R18-DisciplineAutorisation,1.1.0,active,"1.2.250.1.213.1.6.1.67",TRE_R18-DisciplineAutorisation,null,"Discipline d'autorisation","ValueSet/JDV-J76-DisciplineAutorisation-RASS"
https://mos.esante.gouv.fr/NOS/TRE_R20-Pays/FHIR/TRE-R20-Pays,1.1.0,active,"1.2.250.1.213.2.24",TRE_R20-Pays,null,"Référentiel des codes pays provenant du COG INSEE","ValueSet/JDV-J247-Pays-ROR,ValueSet/JDV-J74-Pays-RASS,ValueSet/JDV-J168-Pays-EPARS,ValueSet/JDV-J114-Pays-ENREG,ValueSet/JDV-J123-Pays-MDPH"
https://mos.esante.gouv.fr/NOS/TRE_R200-CanalCommunication/FHIR/TRE-R200-CanalCommunication,1.1.0,active,"1.2.250.1.213.3.3.1",TRE_R200-CanalCommunication,null,"Canal de communication","ValueSet/JDV-J225-CanalCommunication-ROR"
https://mos.esante.gouv.fr/NOS/TRE_R201-TypeDivisionTerritoriale/FHIR/TRE-R201-TypeDivisionTerritoriale,1.1.0,active,"1.2.250.1.213.3.3.2",TRE_R201-TypeDivisionTerritoriale,null,"Type de division territoriale","ValueSet/JDV-J223-TypeDivisionTerritoriale-ROR"
https://mos.esante.gouv.fr/NOS/TRE_R202-AccessibiliteLieu/FHIR/TRE-R202-AccessibiliteLieu,1.1.0,active,"1.2.250.1.213.3.3.3",TRE_R202-AccessibiliteLieu,null,"Niveaux d'accessibilité d'un établissement recevant du public (ERP)","ValueSet/JDV-J50-AccessibiliteLieu-ROR"
https://mos.esante.gouv.fr/NOS/TRE_R203-StatutLieu/FHIR/TRE-R203-StatutLieu,1.1.0,active,"1.2.250.1.213.3.3.4",TRE_R203-StatutLieu,null,"Statut lieu","ValueSet/JDV-J224-StatutLieu-ROR"
https://mos.esante.gouv.fr/NOS/TRE_R207-TypeOrganisationInterne/FHIR/TRE-R207-TypeOrganisationInterne,1.1.0,active,"1.2.250.1.213.3.3.8",TRE_R207-TypeOrganisationInterne,null,"Type organisation interne","ValueSet/JDV-J203-TypeOrganisationInterne-ROR"
https://mos.esante.gouv.fr/NOS/TRE_R208-ClasseAge/FHIR/TRE-R208-ClasseAge,1.1.0,active,"1.2.250.1.213.3.3.9",TRE_R208-ClasseAge,null,"Classe d'âge","ValueSet/JDV-J15-ClasseAge-ROR"
https://mos.esante.gouv.fr/NOS/TRE_R209-TypeActivite/FHIR/TRE-R209-TypeActivite,1.1.0,active,"1.2.250.1.213.2.2",TRE_R209-TypeActivite,null,"Type d'activité","ValueSet/JDV-J59-ContentTypeCode-DMP,ValueSet/JDV-J138-TypeActivite-RASS,ValueSet/JDV-J03-XdsContentTypeCode-CISIS"
https://mos.esante.gouv.fr/NOS/TRE_R21-Fonction/FHIR/TRE-R21-Fonction,1.1.0,active,"1.2.250.1.213.1.6.1.17",TRE_R21-Fonction,null,"Fonction","ValueSet/JDV-J108-EnsembleFonction-RASS,ValueSet/JDV-J05-SubjectRole-CISIS,ValueSet/JDV-J65-SubjectRole-DMP"
https://mos.esante.gouv.fr/NOS/TRE_R210-ActeSpecifique/FHIR/TRE-R210-ActeSpecifique,1.1.0,active,"1.2.250.1.213.3.3.11",TRE_R210-ActeSpecifique,null,"Acte spécifique","ValueSet/JDV-J69-ActiviteOperationnelle-Santefr,ValueSet/JDV-J16-ActeSpecifique-ROR"
https://mos.esante.gouv.fr/NOS/TRE_R211-ActiviteOperationnelle/FHIR/TRE-R211-ActiviteOperationnelle,1.1.0,active,"1.2.250.1.213.3.3.12",TRE_R211-ActiviteOperationnelle,null,"Activite Operationnelle","ValueSet/JDV-J17-ActiviteOperationnelle-ROR,ValueSet/JDV-J69-ActiviteOperationnelle-Santefr"
https://mos.esante.gouv.fr/NOS/TRE_R212-Equipement/FHIR/TRE-R212-Equipement,1.1.0,active,"1.2.250.1.213.3.3.10",TRE_R212-Equipement,null,"Equipement","ValueSet/JDV-J18-EquipementSpecifique-ROR,ValueSet/JDV-J70-Equipement-Santefr"
https://mos.esante.gouv.fr/NOS/TRE_R213-ModePriseEnCharge/FHIR/TRE-R213-ModePriseEnCharge,1.1.0,active,"1.2.250.1.213.3.3.13",TRE_R213-ModePriseEnCharge,null,"Mode de la prise en charge","ValueSet/JDV-J19-ModePriseEnCharge-ROR"
https://mos.esante.gouv.fr/NOS/TRE_R216-HL7RoleCode/FHIR/TRE-R216-HL7RoleCode,1.1.0,active,"2.16.840.1.113883.5.111",TRE_R216-HL7RoleCode,null,"HL7 roleCode","ValueSet/JDV-J11-RelationPatient-CISIS,ValueSet/JDV-J14-QualiteRepresentantLegal-CISIS,ValueSet/JDV-J13-ResponsableConsent-CISIS"
https://mos.esante.gouv.fr/NOS/TRE_R217-ProtectionJuridique/FHIR/TRE-R217-ProtectionJuridique,1.1.0,active,"1.2.250.1.213.1.1.4.327",TRE_R217-ProtectionJuridique,null,"Protection juridique","ValueSet/JDV-J11-RelationPatient-CISIS"
https://mos.esante.gouv.fr/NOS/TRE_R219-AutreResponsableConsent/FHIR/TRE-R219-AutreResponsableConsent,1.1.0,active,"1.2.250.1.213.1.1.4.320",TRE_R219-AutreResponsableConsent,null,"Autre responsable consentement","ValueSet/JDV-J13-ResponsableConsent-CISIS"
https://mos.esante.gouv.fr/NOS/TRE_R22-GenreActivite/FHIR/TRE-R22-GenreActivite,1.1.0,active,"1.2.250.1.213.1.6.1.19",TRE_R22-GenreActivite,null,"Genre d'activité","ValueSet/JDV-J94-GenreActivite-RASS,ValueSet/JDV-J05-SubjectRole-CISIS,ValueSet/JDV-J116-GenreActivite-ENREG,ValueSet/JDV-J65-SubjectRole-DMP,ValueSet/JDV-J234-GenreActivite-EPARS"
https://mos.esante.gouv.fr/NOS/TRE_R223-NatCycleForm/FHIR/TRE-R223-NatCycleForm,1.1.0,active,"1.2.250.1.213.1.6.1.115",TRE_R223-NatCycleForm,null,"Nature du cycle de formation des étudiants","ValueSet/JDV-J86-NatCycleForm-RASS"
https://mos.esante.gouv.fr/NOS/TRE_R224-NiveauFormAcquis/FHIR/TRE-R224-NiveauFormAcquis,1.1.0,active,"1.2.250.1.213.1.6.1.116",TRE_R224-NiveauFormAcquis,null,"Niveaux de formation acquis dans le cycle de formation des étudiants","ValueSet/JDV-J87-NiveauFormAcquis-RASS"
https://mos.esante.gouv.fr/NOS/TRE_R225-AnneeUniversitaire/FHIR/TRE-R225-AnneeUniversitaire,1.1.0,active,"1.2.250.1.213.1.6.1.117",TRE_R225-AnneeUniversitaire,null,"Année universitaire","ValueSet/JDV-J88-AnneeUniversitaire-RASS"
https://mos.esante.gouv.fr/NOS/TRE_R226-Dip2iemeCycleNQ/FHIR/TRE-R226-Dip2iemeCycleNQ,1.1.0,active,"1.2.250.1.213.1.6.1.118",TRE_R226-Dip2iemeCycleNQ,null,"Diplôme de 2ième cycle non qualifiant","ValueSet/JDV-J105-EnsembleDiplome-RASS"
https://mos.esante.gouv.fr/NOS/TRE_R227-ChampActivite/FHIR/TRE-R227-ChampActivite,1.1.0,active,"1.2.250.1.213.3.3.17",TRE_R227-ChampActivite,null,"Champ d'activité","ValueSet/JDV-J20-ChampActivite-ROR"
https://mos.esante.gouv.fr/NOS/TRE_R228-UnitePrix/FHIR/TRE-R228-UnitePrix,1.1.0,active,"1.2.250.1.213.3.3.18",TRE_R228-UnitePrix,null,"Unité de prix","ValueSet/JDV-J205-UnitePrix-ROR"
https://mos.esante.gouv.fr/NOS/TRE_R23-ModeExercice/FHIR/TRE-R23-ModeExercice,1.1.0,active,"1.2.250.1.213.1.6.1.18",TRE_R23-ModeExercice,null,"Mode d'exercice","ValueSet/JDV-J117-ModeExercice-ENREG,ValueSet/JDV-J217-ModeExercice-ROR,ValueSet/JDV-J95-ModeExercice-RASS"
https://mos.esante.gouv.fr/NOS/TRE_R231-PalierAuthentification/FHIR/TRE-R231-PalierAuthentification,1.1.0,active,"1.2.250.1.213.1.5.1.1.1",TRE_R231-PalierAuthentification,null,"Paliers des référentiels d'authentification de la PGSSI-S","ValueSet/JDV-J21-PalierAuthentificationActeurPP"
https://mos.esante.gouv.fr/NOS/TRE_R234-TypeNote/FHIR/TRE-R234-TypeNote,1.1.0,active,"1.2.250.1.213.1.1.4.334",TRE_R234-TypeNote,null,"Type de note","ValueSet/JDV-J23-TypeNoteCahierLiaison-CISIS"
https://mos.esante.gouv.fr/NOS/TRE_R236-ModeGestion/FHIR/TRE-R236-ModeGestion,1.1.0,active,"1.2.250.1.213.3.3.23",TRE_R236-ModeGestion,null,"Mode gestion","ValueSet/JDV-J26-ModeGestion-ROR"
https://mos.esante.gouv.fr/NOS/TRE_R237-GroupeTarifaireDependance/FHIR/TRE-R237-GroupeTarifaireDependance,1.1.0,active,"1.2.250.1.213.3.3.25",TRE_R237-GroupeTarifaireDependance,null,"Niveau de dépendance associé à un tarif","ValueSet/JDV-J27-GroupeTarifaireDependance-ROR"
https://mos.esante.gouv.fr/NOS/TRE_R238-OuvertureAnnuelle/FHIR/TRE-R238-OuvertureAnnuelle,1.1.0,active,"1.2.250.1.213.3.3.27",TRE_R238-OuvertureAnnuelle,null,"Ouverture annuelle","ValueSet/JDV-J28-OuvertureAnnuelle-ROR"
https://mos.esante.gouv.fr/NOS/TRE_R239-PublicPrisEnCharge/FHIR/TRE-R239-PublicPrisEnCharge,1.1.0,active,"1.2.250.1.213.3.3.29",TRE_R239-PublicPrisEnCharge,null,"Public pris en charge","ValueSet/JDV-J29-PublicPrisEnCharge-ROR"
https://mos.esante.gouv.fr/NOS/TRE_R24-TypeActiviteLiberale/FHIR/TRE-R24-TypeActiviteLiberale,1.1.0,active,"1.2.250.1.213.1.6.1.22",TRE_R24-TypeActiviteLiberale,null,"Type d'activité libérale","ValueSet/JDV-J96-TypeActiviteLiberale-RASS,ValueSet/JDV-J119-TypeActiviteLiberale-ENREG"
https://mos.esante.gouv.fr/NOS/TRE_R240-TemporaliteAccueil/FHIR/TRE-R240-TemporaliteAccueil,1.1.0,active,"1.2.250.1.213.3.3.31",TRE_R240-TemporaliteAccueil,null,"Temporalité accueil","ValueSet/JDV-J30-TemporaliteAccueil-ROR"
https://mos.esante.gouv.fr/NOS/TRE_R241-AideFinanciere/FHIR/TRE-R241-AideFinanciere,1.1.0,active,"1.2.250.1.213.3.3.33",TRE_R241-AideFinanciere,null,"Habilit. de l'EG permettant aux pers. accueillies d'avoir des aides financières","ValueSet/JDV-J31-AideFinanciere-ROR"
https://mos.esante.gouv.fr/NOS/TRE_R242-TypeHabitation/FHIR/TRE-R242-TypeHabitation,1.1.0,active,"1.2.250.1.213.3.3.35",TRE_R242-TypeHabitation,null,"Type habitation","ValueSet/JDV-J32-TypeHabitation-ROR"
https://mos.esante.gouv.fr/NOS/TRE_R243-CompetenceSpecifique/FHIR/TRE-R243-CompetenceSpecifique,1.1.0,active,"1.2.250.1.213.3.3.37",TRE_R243-CompetenceSpecifique,null,"Compétence spécifique","ValueSet/JDV-J33-CompetenceSpecifique-ROR"
https://mos.esante.gouv.fr/NOS/TRE_R244-CategorieOrganisation/FHIR/TRE-R244-CategorieOrganisation,1.1.0,active,"1.2.250.1.213.3.3.39",TRE_R244-CategorieOrganisation,null,"Catégorie d'organisation","ValueSet/JDV-J34-CategorieOrganisation-ROR"
https://mos.esante.gouv.fr/NOS/TRE_R245-SpecialisationDePriseEnCharge/FHIR/TRE-R245-SpecialisationDePriseEnCharge,1.1.0,active,"1.2.250.1.213.3.3.41",TRE_R245-SpecialisationDePriseEnCharge,null,"Spécialisation de prise en charge","ValueSet/JDV-J35-SpecialisationDePriseEnCharge-ROR"
https://mos.esante.gouv.fr/NOS/TRE_R246-TypeTarif/FHIR/TRE-R246-TypeTarif,1.1.0,active,"1.2.250.1.213.3.3.43",TRE_R246-TypeTarif,null,"Type tarif","ValueSet/JDV-J36-TypeTarif-ROR"
https://mos.esante.gouv.fr/NOS/TRE_R247-UcumUniteMesure/FHIR/TRE-R247-UcumUniteMesure,1.1.0,active,"2.16.840.1.113883.6.8",TRE_R247-UcumUniteMesure,null,"UCUM - Unité de mesure","ValueSet/JDV-J37-UcumUniteTemps,ValueSet/JDV-J49-UcumUniteLongueur,ValueSet/JDV-J163-GlucoseUnits-ENS"
https://mos.esante.gouv.fr/NOS/TRE_R248_ModeAcces/FHIR/TRE-R248-ModeAcces,1.1.0,active,"1.2.250.1.213.1.1.4.336",TRE_R248_ModeAcces,null,"Mode d'accès pour accéder à un SI santé avec données patients","ValueSet/JDV-J38-ModeAcces-CISIS"
https://mos.esante.gouv.fr/NOS/TRE_R249-Sexe/FHIR/TRE-R249-Sexe,1.1.0,active,"1.2.250.1.213.2.53",TRE_R249-Sexe,null,"Sexe","ValueSet/JDV-J80-Sexe-RASS"
https://mos.esante.gouv.fr/NOS/TRE_R25-MotifFinActivite/FHIR/TRE-R25-MotifFinActivite,1.1.0,active,"1.2.250.1.213.1.6.1.20",TRE_R25-MotifFinActivite,null,"Motif de fin d'activité","ValueSet/JDV-J92-MotifFinActivite-RASS,ValueSet/JDV-J169-MotifFinActivite-EPARS"
https://mos.esante.gouv.fr/NOS/TRE_R250-ConditionTarifaire/FHIR/TRE-R250-ConditionTarifaire,1.1.0,active,"1.2.250.1.213.3.3.46",TRE_R250-ConditionTarifaire,null,"Les conditions d'accès à un tarif modulé","ValueSet/JDV-J39-ConditionTarifaire-ROR"
https://mos.esante.gouv.fr/NOS/TRE_R251-FonctionContact/FHIR/TRE-R251-FonctionContact,1.1.0,active,"1.2.250.1.213.3.3.48",TRE_R251-FonctionContact,null,"Un titre, une position, une fonction de la personne contact dans l'organisation","ValueSet/JDV-J220-FonctionContact-ROR"
https://mos.esante.gouv.fr/NOS/TRE_R252-TypeHoraire/FHIR/TRE-R252-TypeHoraire,1.1.0,active,"1.2.250.1.213.3.3.50",TRE_R252-TypeHoraire,null,"Type horaire","ValueSet/JDV-J41-TypeHoraire-ROR"
https://mos.esante.gouv.fr/NOS/TRE_R253-TypeMaternite/FHIR/TRE-R253-TypeMaternite,1.1.0,active,"1.2.250.1.213.3.3.52",TRE_R253-TypeMaternite,null,"Type de maternité","ValueSet/JDV-J227-NiveauExpertise-ROR,ValueSet/JDV-J42-TypeMaternite-ROR"
https://mos.esante.gouv.fr/NOS/TRE_R254-TypeEvenement/FHIR/TRE-R254-TypeEvenement,1.1.0,active,"1.2.250.1.213.1.1.4.337",TRE_R254-TypeEvenement,null,"Liste de types d'évènement","ValueSet/JDV-J46-TypeEvenementNotification-CISIS"
https://mos.esante.gouv.fr/NOS/TRE_R257-TypeBAL/FHIR/TRE-R257-TypeBAL,1.1.0,active,"1.2.250.1.213.3.3.55",TRE_R257-TypeBAL,null,"Type de boîte aux lettres","ValueSet/JDV-J139-TypeBAL-RASS"
https://mos.esante.gouv.fr/NOS/TRE_R258-RelationPriseCharge/FHIR/TRE-R258-RelationPriseCharge,1.1.0,active,"1.2.250.1.213.1.1.4.2.280",TRE_R258-RelationPriseCharge,null,"Relation dans la prise en charge du patient","ValueSet/JDV-J47-FunctionCode-CISIS"
https://mos.esante.gouv.fr/NOS/TRE_R259-HL7ParticipationFunction/FHIR/TRE-R259-HL7ParticipationFunction,1.1.0,active,"2.16.840.1.113883.5.88",TRE_R259-HL7ParticipationFunction,null,"Rôles fonctionnels HL7","ValueSet/JDV-J47-FunctionCode-CISIS"
https://mos.esante.gouv.fr/NOS/TRE_R260-HL7RoleClass/FHIR/TRE-R260-HL7RoleClass,1.1.0,active,"2.16.840.1.113883.5.110",TRE_R260-HL7RoleClass,null,"Rôle de la personne point de contact auprès d'une autre personne repris de la terminologie HL7 v3 RoleClass (https://www.hl7.org/fhir/v3/RoleClass/cs.html)","ValueSet/JDV-J141-RoleClass-CISIS"
https://mos.esante.gouv.fr/NOS/TRE_R264-PrestationNonObligatoireIncluse/FHIR/TRE-R264-PrestationNonObligatoireIncluse,1.1.0,active,"1.2.250.1.213.3.3.59",TRE_R264-PrestationNonObligatoireIncluse,null,"Prestations non obligatoire incluses","ValueSet/JDV-J206-PrestationNonObligatoireIncluse-ROR"
https://mos.esante.gouv.fr/NOS/TRE_R265-PrestationPilotageSerafin/FHIR/TRE-R265-PrestationPilotageSerafin,1.1.0,active,"1.2.250.1.213.3.3.60",TRE_R265-PrestationPilotageSerafin,null,"Prestation pilotage Serafin","ValueSet/JDV-J51-FamilleActiviteOperationnelle-ROR"
https://mos.esante.gouv.fr/NOS/TRE_R266-FamilleActiviteOperationnelleHorsSerafin/FHIR/TRE-R266-FamilleActiviteOperationnelleHorsSerafin,1.1.0,active,"1.2.250.1.213.3.3.61",TRE_R266-FamilleActiviteOperationnelleHorsSerafin,null,"Familles activités opérationnelles hors Serafin","ValueSet/JDV-J51-FamilleActiviteOperationnelle-ROR"
https://mos.esante.gouv.fr/NOS/TRE_R269-AvailabilityStatusProvenanceOasis/FHIR/TRE-R269-AvailabilityStatusProvenanceOasis,1.1.0,active,"1.2.250.1.213.1.1.4.341",TRE_R269-AvailabilityStatusProvenanceOasis,null,"Statut de l'objet provenant de la norme Oasis","ValueSet/JDV-J52-AvailabilityStatus-CISIS"
https://mos.esante.gouv.fr/NOS/TRE_R270-AvailabilityStatus/FHIR/TRE-R270-AvailabilityStatus,1.1.0,active,"1.2.250.1.213.1.1.4.342",TRE_R270-AvailabilityStatus,null,"Statut de l'objet","ValueSet/JDV-J52-AvailabilityStatus-CISIS"
https://mos.esante.gouv.fr/NOS/TRE_R271-TypeRequete/FHIR/TRE-R271-TypeRequete,1.1.0,active,"1.2.250.1.213.1.1.4.11",TRE_R271-TypeRequete,null,"Code de type requêtes","ValueSet/JDV-J53-TypeRequeteGestionDossier-CISIS"
https://mos.esante.gouv.fr/NOS/TRE_R272-EquipementMaterielLourd/FHIR/TRE-R272-EquipementMaterielLourd,1.1.0,active,"1.2.250.1.213.1.6.1.124",TRE_R272-EquipementMaterielLourd,null,"Equipements Matériels Lourds","ValueSet/JDV-J135-EquipementMaterielLourd-RASS"
https://mos.esante.gouv.fr/NOS/TRE_R274-ActiviteSanitaireRegulee/FHIR/TRE-R274-ActiviteSanitaireRegulee,1.1.0,active,"1.2.250.1.213.1.6.1.126",TRE_R274-ActiviteSanitaireRegulee,null,"Activités sanitaires soumises à une régulation de la part de l'ARS","ValueSet/JDV-J133-ActiviteSanitaireRegulee-RASS"
https://mos.esante.gouv.fr/NOS/TRE_R275-ModaliteActivite/FHIR/TRE-R275-ModaliteActivite,1.1.0,active,"1.2.250.1.213.1.6.1.127",TRE_R275-ModaliteActivite,null,"Mode d'application ou type de soins encadrant une activité","ValueSet/JDV-J132-ModaliteActivite-RASS"
https://mos.esante.gouv.fr/NOS/TRE_R276-FormeActivite/FHIR/TRE-R276-FormeActivite,1.1.0,active,"1.2.250.1.213.1.6.1.128",TRE_R276-FormeActivite,null,"Type d'organisation de prise en charge","ValueSet/JDV-J134-FormeActivite-RASS,ValueSet/JDV-J03-XdsContentTypeCode-CISIS"
https://mos.esante.gouv.fr/NOS/TRE_R277-CategorieActiviteSanitaireRegulee/FHIR/TRE-R277-CategorieActiviteSanitaireRegulee,1.1.0,active,"1.2.250.1.213.1.6.1.129",TRE_R277-CategorieActiviteSanitaireRegulee,null,"Types d'activités autorisées","ValueSet/JDV-J131-CategorieActiviteSanitaireRegulee-RASS"
https://mos.esante.gouv.fr/NOS/TRE_R279-Clientele/FHIR/TRE-R279-Clientele,1.1.0,active,"1.2.250.1.213.1.6.1.132",TRE_R279-Clientele,null,"Clientèles","ValueSet/JDV-J137-Clientele-RASS"
https://mos.esante.gouv.fr/NOS/TRE_R280-DisciplineEquipementSocial/FHIR/TRE-R280-DisciplineEquipementSocial,1.1.0,active,"1.2.250.1.213.1.6.1.133",TRE_R280-DisciplineEquipementSocial,null,"Disciplines d'équipement pour le social","ValueSet/JDV-J136-DisciplineEquipementSocial-RASS"
https://mos.esante.gouv.fr/NOS/TRE_R282-CNAMAmeliSecteurConventionnement/FHIR/TRE-R282-CNAMAmeliSecteurConventionnement,1.1.0,active,"1.2.250.1.213.1.6.1.135",TRE_R282-CNAMAmeliSecteurConventionnement,null,"Secteur de conventionnement du professionnel libéral par la CNAM extracts ameli","ValueSet/JDV-J130-CNAMAmeliSecteurConventionnement-RASS,ValueSet/JDV-J218-CNAMAmeliSecteurConventionnement-ROR"
https://mos.esante.gouv.fr/NOS/TRE_R283-NiveauConfidentialite/FHIR/TRE-R283-NiveauConfidentialite,1.1.0,active,"1.2.250.1.213.1.1.4.344",TRE_R283-NiveauConfidentialite,null,"Niveau de restriction d'accès","ValueSet/JDV-J222-NiveauConfidentialite-ROR"
https://mos.esante.gouv.fr/NOS/TRE_R284-NiveauRecoursORSAN/FHIR/TRE-R284-NiveauRecoursORSAN,1.1.0,active,"1.2.250.1.213.1.1.4.345",TRE_R284-NiveauRecoursORSAN,null,"Hiérarchisation fonctionnelle des Éts pour accueil patients après le SAMU","ValueSet/JDV-J204-NiveauRecoursORSAN-ROR"
https://mos.esante.gouv.fr/NOS/TRE_R285-TraitementDocument/FHIR/TRE-R285-TraitementDocument,1.1.0,active,"1.2.250.1.213.1.1.4.346",TRE_R285-TraitementDocument,null,"Traitement du document","ValueSet/JDV-J67-TraitementDocument-CISIS"
https://mos.esante.gouv.fr/NOS/TRE_R286-TypeFermeture/FHIR/TRE-R286-TypeFermeture,1.1.0,active,"1.2.250.1.213.1.6.1.136",TRE_R286-TypeFermeture,null,"Type de fermeture, codes provenant du FINESS pour les EJ et EG","ValueSet/JDV-J185-TypeFermeture-ROR,ValueSet/JDV-J201-TypeFermeture-ROR"
https://mos.esante.gouv.fr/NOS/TRE_R287-NatureContact/FHIR/TRE-R287-NatureContact,1.1.0,active,"1.2.250.1.213.3.3.67",TRE_R287-NatureContact,null,"Un service ou un guichet assurant le contact au sein de l'organisation","ValueSet/JDV-J221-NatureContact-ROR"
https://mos.esante.gouv.fr/NOS/TRE_R291-AutreProfession/FHIR/TRE-R291-AutreProfession,1.1.0,active,"1.2.250.1.213.1.6.1.140",TRE_R291-AutreProfession,null,"Liste de professionnels non membres d'une profession réglementée","ValueSet/JDV-J05-SubjectRole-CISIS,ValueSet/JDV-J122-Profession-ENREG,ValueSet/JDV-J65-SubjectRole-DMP,ValueSet/JDV-J106-EnsembleProfession-RASS"
https://mos.esante.gouv.fr/NOS/TRE_R30-RegionOM/FHIR/TRE-R30-RegionOM,1.1.0,active,"1.2.250.1.213.2.25",TRE_R30-RegionOM,null,"Région (outre-mer et Monaco inclus)","ValueSet/JDV-J93-RegionOM-RASS,ValueSet/JDV-J237-RegionOM-ROR"
https://mos.esante.gouv.fr/NOS/TRE_R302-ContexteCodeComplementaire/FHIR/TRE-R302-ContexteCodeComplementaire,1.1.0,active,"1.2.250.1.213.3.3.70",TRE_R302-ContexteCodeComplementaire,null,"Liste des codes complémentaires utilisables dans un contexte particulier","ValueSet/JDV-J125-MotifRejet-ENREG,ValueSet/JDV-J177-BesoinAideMobilite-MDPH,ValueSet/JDV-J181-BesoinMobilite-MDPH,ValueSet/JDV-J178-BesoinAideVieSociale-MDPH,ValueSet/JDV-J176-SituationVieQuotidienne-MDPH,ValueSet/JDV-J182-BesoinScolarite-MDPH,ValueSet/JDV-J116-GenreActivite-ENREG,ValueSet/JDV-J179-BesoinCommunication-MDPH,ValueSet/JDV-J123-Pays-MDPH,ValueSet/JDV-J180-BesoinEntretienPersonnel-MDPH"
https://mos.esante.gouv.fr/NOS/TRE_R303-HL7v3AdministrativeGender/FHIR/TRE-R303-HL7v3AdministrativeGender,1.1.0,active,"2.16.840.1.113883.5.1",TRE_R303-HL7v3AdministrativeGender,null,"Sexe d'une personne utilisée à des fins administratives (par opposition au sexe clinique) repris de la terminologie HL7 v3 AdministrativeGender (https://www.hl7.org/fhir/v3/AdministrativeGender/cs.html)","ValueSet/JDV-J148-ReferenceRangeAppliesTo-CISIS,ValueSet/JDV-J143-AdministrativeGender-CISIS"
https://mos.esante.gouv.fr/NOS/TRE_R304-HL7v3ActCode/FHIR/TRE-R304-HL7v3ActCode,1.1.0,active,"2.16.840.1.113883.5.4",TRE_R304-HL7v3ActCode,null,"Type de prise en charge repris de la terminologie HL7 v3 ActCode (https://www.hl7.org/fhir/v3/ActCode/cs.html)","ValueSet/JDV-J142-TypeRencontre-CISIS"
https://mos.esante.gouv.fr/NOS/TRE_R305-TypeRencontre/FHIR/TRE-R305-TypeRencontre,1.1.0,active,"1.2.250.1.213.1.1.4.2.291",TRE_R305-TypeRencontre,null,"Type de rencontre","ValueSet/JDV-J142-TypeRencontre-CISIS"
https://mos.esante.gouv.fr/NOS/TRE_R306-CLADIMED/FHIR/TRE-R306-CLADIMED,1.1.0,active,"1.2.250.1.213.2.65",TRE_R306-CLADIMED,null,"Classification française des Dispositifs Médicaux","ValueSet/JDV-J152-MethodBodyTemperature-ENS,ValueSet/JDV-J147-MethodHeartrate-ENS"
https://mos.esante.gouv.fr/NOS/TRE_R307-NCIT/FHIR/TRE-R307-NCIT,1.1.0,active,"2.16.840.1.113883.3.26.1.1",TRE_R307-NCIT,null,"National Cancer Institute (NCI) Thesaurus","ValueSet/JDV-J159-MethodPainSeverity-ENS,ValueSet/JDV-J156-MethodGlucoseInterstitiel-ENS,ValueSet/JDV-J155-MethodGlucoseSanguin-ENS,ValueSet/JDV-J150-MethodBP-ENS,ValueSet/JDV-J146-MethodBodyHeight-ENS,ValueSet/JDV-J158-MethodStepsByDay-ENS,ValueSet/JDV-J147-MethodHeartrate-ENS"
https://mos.esante.gouv.fr/NOS/TRE_R308-TAASIP/FHIR/TRE-R308-TAASIP,1.1.0,active,"1.2.250.1.213.1.1.4.322",TRE_R308-TAASIP,null,"TA_ASIP","ValueSet/JDV-J153-TypeDiabete-ENS,ValueSet/JDV-J150-MethodBP-ENS,ValueSet/JDV-J164-GlucoseNumberOfDays-ENS,ValueSet/JDV-J146-MethodBodyHeight-ENS,ValueSet/JDV-J154-TypeGlucose-ENS,ValueSet/JDV-J147-MethodHeartrate-ENS"
https://mos.esante.gouv.fr/NOS/TRE_R31-StatutEtatCivil/FHIR/TRE-R31-StatutEtatCivil,1.1.0,active,"1.2.250.1.213.1.6.1.9",TRE_R31-StatutEtatCivil,null,"Status de l'état civil","ValueSet/JDV-J111-StatutEtatCivil-ENREG"
https://mos.esante.gouv.fr/NOS/TRE_R310-CIM10ATIH/FHIR/TRE-R310-CIM10ATIH,1.1.0,active,"2.16.840.1.113883.6.3",TRE_R310-CIM10ATIH,null,"Classification Internationale des maladies (CIM) International Classification of Diseases revision 10 (ICD 10)","ValueSet/JDV-J153-TypeDiabete-ENS"
https://mos.esante.gouv.fr/NOS/TRE_R311-RegroupementSurCIM10ATIH/FHIR/TRE-R311-RegroupementSurCIM10ATIH,1.1.0,active,"1.2.250.1.213.2.67",TRE_R311-RegroupementSurCIM10ATIH,null,"CIM-10 FR à usage PMSI","ValueSet/JDV-J153-TypeDiabete-ENS"
https://mos.esante.gouv.fr/NOS/TRE_R313-CISP2/FHIR/TRE-R313-CISP2,1.1.0,active,"2.16.840.1.113883.6.139",TRE_R313-CISP2,null,"International Classification of Primary Care (ICPC), second edition Classification internationale des soins primaires version 2","ValueSet/JDV-J157-MomentGlucose-ENS"
https://mos.esante.gouv.fr/NOS/TRE_R314-TypeCreneau/FHIR/TRE-R314-TypeCreneau,1.1.0,active,"1.2.250.1.213.3.3.71",TRE_R314-TypeCreneau,null,"Type de créneau","ValueSet/JDV-J165-TypeCreneau-SAS"
https://mos.esante.gouv.fr/NOS/TRE_R317-SituationVieQuotidienne/FHIR/TRE-R317-SituationVieQuotidienne,1.1.0,active,"1.2.250.1.213.3.3.72",TRE_R317-SituationVieQuotidienne,null,"Caractérise la situation de vie de la personne : vit seule ou avec d'autres personnes","ValueSet/JDV-J176-SituationVieQuotidienne-MDPH"
https://mos.esante.gouv.fr/NOS/TRE_R318-BesoinAideMobilite/FHIR/TRE-R318-BesoinAideMobilite,1.1.0,active,"1.2.250.1.213.3.3.73",TRE_R318-BesoinAideMobilite,null,"Caractérise les besoins d'aide de la personne en matière de mobilité","ValueSet/JDV-J177-BesoinAideMobilite-MDPH"
https://mos.esante.gouv.fr/NOS/TRE_R319-BesoinAideVieSociales/FHIR/TRE-R319-BesoinAideVieSociale,1.1.0,active,"1.2.250.1.213.3.3.74",TRE_R319-BesoinAideVieSociale,null,"Caractérise les besoins d'aide de la personne en matière de vie sociale","ValueSet/JDV-J178-BesoinAideVieSociale-MDPH"
https://mos.esante.gouv.fr/NOS/TRE_R32-StatutHospitalier/FHIR/TRE-R32-StatutHospitalier,1.1.0,active,"1.2.250.1.213.1.6.1.21",TRE_R32-StatutHospitalier,null,"Statut hospitalier","ValueSet/JDV-J98-StatutHospitalier-RASS"
https://mos.esante.gouv.fr/NOS/TRE_R320-BesoinCommunication/FHIR/TRE-R320-BesoinCommunication,1.1.0,active,"1.2.250.1.213.3.3.75",TRE_R320-BesoinCommunication,null,"Caractérise les besoins d'aide de la personne en matière de scolarité, en lien avec la communication","ValueSet/JDV-J179-BesoinCommunication-MDPH"
https://mos.esante.gouv.fr/NOS/TRE_R321-BesoinEntretienPersonnel/FHIR/TRE-R321-BesoinEntretienPersonnel,1.1.0,active,"1.2.250.1.213.3.3.76",TRE_R321-BesoinEntretienPersonnel,null,"Caractérise les besoins d'aide de la personne en matière de scolarité, en lien avec l'entretien personnel","ValueSet/JDV-J180-BesoinEntretienPersonnel-MDPH"
https://mos.esante.gouv.fr/NOS/TRE_R322-BesoinMobilite/FHIR/TRE-R322-BesoinMobilite,1.1.0,active,"1.2.250.1.213.3.3.77",TRE_R322-BesoinMobilite,null,"Caractérise les besoins d'aide de la personne en matière de scolarité, en lien avec la mobilité","ValueSet/JDV-J181-BesoinMobilite-MDPH"
https://mos.esante.gouv.fr/NOS/TRE_R323-BesoinScolarite/FHIR/TRE-R323-BesoinScolarite,1.1.0,active,"1.2.250.1.213.3.3.78",TRE_R323-BesoinScolarite,null,"Caractérise les besoins d'aide de la personne en matière de scolarité, en lien avec les apprentissages","ValueSet/JDV-J182-BesoinScolarite-MDPH"
https://mos.esante.gouv.fr/NOS/TRE_R329-NatureCapacite/FHIR/TRE-R329-NatureCapacite,1.1.0,active,"1.2.250.1.213.3.3.212",TRE_R329-NatureCapacite,null,"Permet d'indiquer si la capacité est exprimée en lits ou en places","ValueSet/JDV-J187-NatureCapacite-ROR"
https://mos.esante.gouv.fr/NOS/TRE_R33-StatutInscription/FHIR/TRE-R33-StatutInscription,1.1.0,active,"1.2.250.1.213.1.6.1.12",TRE_R33-StatutInscription,null,"Statut de l'inscription","ValueSet/JDV-J85-StatutInscription-RASS"
https://mos.esante.gouv.fr/NOS/TRE_R330-TypeStatutCapacite/FHIR/TRE-R330-TypeStatutCapacite,1.1.0,active,"1.2.250.1.213.3.3.213",TRE_R330-TypeStatutCapacite,null,"Permet de préciser le statut des lits décrits","ValueSet/JDV-J188-TypeStatutCapacite-ROR"
https://mos.esante.gouv.fr/NOS/TRE_R331-TemporaliteCapacite/FHIR/TRE-R331-TemporaliteCapacite,1.1.0,active,"1.2.250.1.213.3.3.214",TRE_R331-TemporaliteCapacite,null,"Sert à indiquer le moment où une capacité sera effective. Il est ainsi possible de décrire la situation immédiate ou de fournir une information prospective de capacités, prenant notamment en compte les entrées et sorties déjà identifiés de patients","ValueSet/JDV-J189-TemporaliteCapacite-ROR"
https://mos.esante.gouv.fr/NOS/TRE_R332-GenreCapacite/FHIR/TRE-R332-GenreCapacite,1.1.0,active,"1.2.250.1.213.3.3.215",TRE_R332-GenreCapacite,null,"Permet d'indiquer le genre des patients qui peuvent être installés dans des lits disponibles","ValueSet/JDV-J190-GenreCapacite-ROR"
https://mos.esante.gouv.fr/NOS/TRE_R333-TypeFermetureCapacite/FHIR/TRE-R333-TypeFermetureCapacite,1.1.0,active,"1.2.250.1.213.3.3.216",TRE_R333-TypeFermetureCapacite,null,"Permet d'indiquer le statut de lits fermés, afin d'identifier le nombre de lits fermés qui peuvent être réactivés en cas de besoin et le nombre de ceux qui ne peuvent pas l'être","ValueSet/JDV-J191-TypeFermetureCapacite-ROR"
https://mos.esante.gouv.fr/NOS/TRE_R334-TypeLitSupplementaire/FHIR/TRE-R334-TypeLitSupplementaire,1.1.0,active,"1.2.250.1.213.3.3.217",TRE_R334-TypeLitSupplementaire,null,"Permet d'indiquer le statut de lits supplémentaires, pour identifier le nombre de lits supplémentaires déjà mobilisés et, par typologie de mobilisation possible, le nombre de lits qui ne le sont pas encore","ValueSet/JDV-J192-TypeLitSupplementaire-ROR"
https://mos.esante.gouv.fr/NOS/TRE_R335-TypeSourceCapacite/FHIR/TRE-R335-TypeSourceCapacite,1.1.0,active,"1.2.250.1.213.3.3.218",TRE_R335-TypeSourceCapacite,null,"Permet d'indiquer quel type de source est à l'origine de l'information de capacité","ValueSet/JDV-J193-TypeSourceCapacite-ROR"
https://mos.esante.gouv.fr/NOS/TRE_R336-TypeCrise/FHIR/TRE-R336-TypeCrise,1.1.0,active,"1.2.250.1.213.3.3.219",TRE_R336-TypeCrise,null,"Permet d'indiquer le type de crise qui permet de mobiliser le nombre de lits supplémentaires décrits","ValueSet/JDV-J194-TypeCrise-ROR"
https://mos.esante.gouv.fr/NOS/TRE_R337-AffectationTemporaire/FHIR/TRE-R337-AffectationTemporaire,1.1.0,active,"1.2.250.1.213.3.3.220",TRE_R337-AffectationTemporaire,null,"Permet d'indiquer la réservation de tout ou partie des lits d'une zone d'hébergement pour des patients selon qu'ils soient -ou non- concernés par une pathologie (Covid+, Covid-, …) ou un évènement (catastrophe naturelle, attentat, …)","ValueSet/JDV-J195-AffectationTemporaire-ROR"
https://mos.esante.gouv.fr/NOS/TRE_R338-ModaliteAccueil/FHIR/TRE-R338-ModaliteAccueil,1.1.0,active,"1.2.250.1.213.3.3.221",TRE_R338-ModaliteAccueil,null,"Modalités d'accueil","ValueSet/JDV-J226-ModaliteAccueil-ROR"
https://mos.esante.gouv.fr/NOS/TRE_R34-StatutProfessionnelSSA/FHIR/TRE-R34-StatutProfessionnelSSA,1.1.0,active,"1.2.250.1.213.1.6.1.23",TRE_R34-StatutProfessionnelSSA,null,"Statut du professionnel au SSA","ValueSet/JDV-J97-StatutProfessionnelSSA-RASS"
https://mos.esante.gouv.fr/NOS/TRE_R341-StatutCommunication/FHIR/TRE-R341-StatutCommunication,1.1.0,active,"1.2.250.1.213.3.3.226",TRE_R341-StatutCommunication,null,"Permet de donner une indication pour savoir une action doit être menée ou de son résultat lorsqu'elle a été menée","ValueSet/JDV-J196-StatutCommunication-ROR"
https://mos.esante.gouv.fr/NOS/TRE_R342-XdsTypesIdentifiantsReferenceId/FHIR/TRE-R342-XdsTypesIdentifiantsReferenceId,1.1.0,active,"1.2.250.1.213.1.1.4.347",TRE_R342-XdsTypesIdentifiantsReferenceId,null,"Types d'identifiants utilisés dans la métadonnée XDS referenceIdList de la fiche du document. Ces types d'identifiants sont spécifiés dans une terminologie incluse dans le profil XDS dans le Cadre Technique d'IHE IT Infrastructure.","ValueSet/JDV-J197-XdsTypesIdentifiantsReferenceId-CISIS,ValueSet/JDV-J231-XdsTypesIdentifiantsReferenceId-DMP"
https://mos.esante.gouv.fr/NOS/TRE_R343-FonctionLieu/FHIR/TRE-R343-FonctionLieu,1.1.0,active,"1.2.250.1.213.3.3.227",TRE_R343-FonctionLieu,null,"Destination d'usage du lieu","ValueSet/JDV-J198-FonctionLieu-ROR"
https://mos.esante.gouv.fr/NOS/TRE_R344-NiveauExpertise/FHIR/TRE-R344-NiveauExpertise,1.1.0,active,"1.2.250.1.213.3.3.228",TRE_R344-NiveauExpertise,null,"Niveau d'expertise des offres de santé","ValueSet/JDV-J227-NiveauExpertise-ROR"
https://mos.esante.gouv.fr/NOS/TRE_R345-TypeIdentifiantAutre/FHIR/TRE-R345-TypeIdentifiantAutre,1.1.0,active,"1.2.250.1.213.3.3.229",TRE_R345-TypeIdentifiantAutre,null,"Autre Type d'identifiant","ValueSet/JDV-J236-TypeIdentifiant-ROR"
https://mos.esante.gouv.fr/NOS/TRE_R348-FormationSpecialiseeTransversale/FHIR/TRE-R348-FormationSpecialiseeTransversale,1.1.0,active,"1.2.250.1.213.1.6.1.251",TRE_R348-FormationSpecialiseeTransversale,null,"Formation Spécialisée Transversale (FST)","ValueSet/JDV-J105-EnsembleDiplome-RASS"
https://mos.esante.gouv.fr/NOS/TRE_R349-ActionAnomalie/FHIR/TRE-R349-ActionAnomalie,1.1.0,active,"1.2.250.1.213.3.3.239",TRE_R349-ActionAnomalie,null,"Action attendue dans le cadre de la gestion d'une anomalie","ValueSet/JDV-J242-ActionAnomalie-ROR"
https://mos.esante.gouv.fr/NOS/TRE_R35-TypeVoie/FHIR/TRE-R35-TypeVoie,1.1.0,retired,"1.2.250.1.213.2.44",TRE_R35-TypeVoie,null,"Type de voie","ValueSet/JDV-J219-TypeVoie-ROR,ValueSet/JDV-J103-TypeVoie-RASS"
https://mos.esante.gouv.fr/NOS/TRE_R350-ThematiqueAnomalie/FHIR/TRE-R350-ThematiqueAnomalie,1.1.0,active,"1.2.250.1.213.3.3.240",TRE_R350-ThematiqueAnomalie,null,"Thématique caractérisant une anomalie","ValueSet/JDV-J241-ThematiqueAnomalie-ROR"
https://mos.esante.gouv.fr/NOS/TRE_R352-StatutMetierAnomalie/FHIR/TRE-R352-StatutMetierAnomalie,1.1.0,active,"1.2.250.1.213.3.3.242",TRE_R352-StatutMetierAnomalie,null,"Statut métier des anomalies","ValueSet/JDV-J244-StatutMetierAnomalie-ROR"
https://mos.esante.gouv.fr/NOS/TRE_R354-TypeIdentifiantRessourceOperationnelle/FHIR/TRE-R354-TypeIdentifiantRessourceOperationnelle,1.1.0,active,"1.2.250.1.213.3.3.244",TRE_R354-TypeIdentifiantRessourceOperationnelle,null,"Type d'identifiant des ressources opérationnelles","ValueSet/JDV-J236-TypeIdentifiant-ROR"
https://mos.esante.gouv.fr/NOS/TRE_R355-TypeIdentifiantOffre/FHIR/TRE-R355-TypeIdentifiantOffre,1.1.0,active,"1.2.250.1.213.3.3.245",TRE_R355-TypeIdentifiantOffre,null,"Type d'identifiant de l'offre","ValueSet/JDV-J236-TypeIdentifiant-ROR"
https://mos.esante.gouv.fr/NOS/TRE_R356-ProfessionRessource/FHIR/TRE-R356-ProfessionRessource,1.1.0,active,"1.2.250.1.213.3.3.246",TRE_R356-ProfessionRessource,null,"Profession Ressource","ValueSet/JDV-J186-ProfessionRessource-ROR"
https://mos.esante.gouv.fr/NOS/TRE_R357-StatutPersonnePriseCharge/FHIR/TRE-R357-StatutPersonnePriseCharge,1.1.0,active,"1.2.250.1.213.3.3.247",TRE_R357-StatutPersonnePriseCharge,null,"Statut de la personne prise en charge.","ValueSet/JDV-J252-StatutPersonnePriseChargeESMS,ValueSet/JDV-J253-StatutPersonnePriseChargeUnite"
https://mos.esante.gouv.fr/NOS/TRE_R358-MotifStatutPersonnePriseCharge/FHIR/TRE-R358-MotifStatutPersonnePriseCharge,1.1.0,active,"1.2.250.1.213.3.3.248",TRE_R358-MotifStatutPersonnePriseCharge,null,"Motif du statut de la personne prise en charge","ValueSet/JDV-J251-MotifStatutPersonnePriseChargeESMS,ValueSet/JDV-J250-MotifStatutPersonnePriseChargeUnite"
https://mos.esante.gouv.fr/NOS/TRE_R36-AutreDiplomeObtenu/FHIR/TRE-R36-AutreDiplomeObtenu,1.1.0,active,"1.2.250.1.213.1.6.1.54",TRE_R36-AutreDiplomeObtenu,null,"Autre diplôme obtenu","ValueSet/JDV-J105-EnsembleDiplome-RASS"
https://mos.esante.gouv.fr/NOS/TRE_R37-TypeProfessionFonction/FHIR/TRE-R37-TypeProfessionFonction,1.1.0,active,"1.2.250.1.213.1.6.1.3",TRE_R37-TypeProfessionFonction,null,"Type des professions et des fonctions","ValueSet/JDV-J24-ProfessionAuteurNote-CISIS,ValueSet/JDV-J72-TypeProfessionFonction-MSSante"
https://mos.esante.gouv.fr/NOS/TRE_R38-SpecialiteOrdinale/FHIR/TRE-R38-SpecialiteOrdinale,1.1.0,active,"1.2.250.1.213.2.28",TRE_R38-SpecialiteOrdinale,null,"Spécialité ordinale","ValueSet/JDV-J107-EnsembleSavoirFaire-RASS,ValueSet/JDV-J239-SpecialitesSNP-SAS,ValueSet/JDV-J210-SpecialiteOrdinale-ROR"
https://mos.esante.gouv.fr/NOS/TRE_R39-Competence/FHIR/TRE-R39-Competence,1.1.0,active,"1.2.250.1.213.2.29",TRE_R39-Competence,null,"Compétence","ValueSet/JDV-J107-EnsembleSavoirFaire-RASS,ValueSet/JDV-J232-Competence-ROR"
https://mos.esante.gouv.fr/NOS/TRE_R40-CompetenceExclusive/FHIR/TRE-R40-CompetenceExclusive,1.1.0,active,"1.2.250.1.213.2.30",TRE_R40-CompetenceExclusive,null,"Compétence exclusive","ValueSet/JDV-J211-CompetenceExclusive-ROR,ValueSet/JDV-J107-EnsembleSavoirFaire-RASS"
https://mos.esante.gouv.fr/NOS/TRE_R42-DESCnonQualifiant/FHIR/TRE-R42-DESCnonQualifiant,1.1.0,active,"1.2.250.1.213.2.32",TRE_R42-DESCnonQualifiant,null,"DESC non qualifiant","ValueSet/JDV-J215-DESCnonQualifiant-ROR,ValueSet/JDV-J107-EnsembleSavoirFaire-RASS"
https://mos.esante.gouv.fr/NOS/TRE_R43-CapaciteSavoirFaire/FHIR/TRE-R43-CapaciteSavoirFaire,1.1.0,active,"1.2.250.1.213.2.33",TRE_R43-CapaciteSavoirFaire,null,"Capacité (savoir-faire)","ValueSet/JDV-J107-EnsembleSavoirFaire-RASS,ValueSet/JDV-J213-CapaciteSavoirFaire-ROR"
https://mos.esante.gouv.fr/NOS/TRE_R44-QualificationPAC/FHIR/TRE-R44-QualificationPAC,1.1.0,active,"1.2.250.1.213.2.34",TRE_R44-QualificationPAC,null,"Qualification de praticien adjoint contractuel","ValueSet/JDV-J214-QualificationPAC-ROR,ValueSet/JDV-J107-EnsembleSavoirFaire-RASS"
https://mos.esante.gouv.fr/NOS/TRE_R45-FonctionQualifiee/FHIR/TRE-R45-FonctionQualifiee,1.1.0,active,"1.2.250.1.213.2.35",TRE_R45-FonctionQualifiee,null,"Fonction qualifiée","ValueSet/JDV-J107-EnsembleSavoirFaire-RASS"
https://mos.esante.gouv.fr/NOS/TRE_R48-DiplomeEtatFrancais/FHIR/TRE-R48-DiplomeEtatFrancais,1.1.0,active,"1.2.250.1.213.1.6.1.31",TRE_R48-DiplomeEtatFrancais,null,"Diplôme de l'Etat français","ValueSet/JDV-J105-EnsembleDiplome-RASS,ValueSet/JDV-J183-Diplome-EPARS,ValueSet/JDV-J75-TypeAutorisation-RASS"
https://mos.esante.gouv.fr/NOS/TRE_R49-DiplomeEtudeSpecialisee/FHIR/TRE-R49-DiplomeEtudeSpecialisee,1.1.0,active,"1.2.250.1.213.1.6.1.32",TRE_R49-DiplomeEtudeSpecialisee,null,"Diplôme d'Etudes Spécialisées","ValueSet/JDV-J105-EnsembleDiplome-RASS"
https://mos.esante.gouv.fr/NOS/TRE_R50-DESCGroupe1Diplome/FHIR/TRE-R50-DESCGroupe1Diplome,1.1.0,active,"1.2.250.1.213.1.6.1.48",TRE_R50-DESCGroupe1Diplome,null,"DESC Groupe 1 (diplôme)","ValueSet/JDV-J105-EnsembleDiplome-RASS"
https://mos.esante.gouv.fr/NOS/TRE_R51-DESCGroupe2Diplome/FHIR/TRE-R51-DESCGroupe2Diplome,1.1.0,active,"1.2.250.1.213.1.6.1.49",TRE_R51-DESCGroupe2Diplome,null,"DESC Groupe 2 (diplôme)","ValueSet/JDV-J105-EnsembleDiplome-RASS"
https://mos.esante.gouv.fr/NOS/TRE_R52-CapaciteDiplome/FHIR/TRE-R52-CapaciteDiplome,1.1.0,active,"1.2.250.1.213.1.6.1.50",TRE_R52-CapaciteDiplome,null,"Capacité (diplôme)","ValueSet/JDV-J105-EnsembleDiplome-RASS"
https://mos.esante.gouv.fr/NOS/TRE_R53-DiplomePaysEEE/FHIR/TRE-R53-DiplomePaysEEE,1.1.0,active,"1.2.250.1.213.1.6.1.51",TRE_R53-DiplomePaysEEE,null,"Diplôme d'un pays de l'EEE","ValueSet/JDV-J105-EnsembleDiplome-RASS"
https://mos.esante.gouv.fr/NOS/TRE_R54-DiplomeUniversiteInterUniversitaire/FHIR/TRE-R54-DiplomeUniversiteInterUniversitaire,1.1.0,active,"1.2.250.1.213.1.6.1.34",TRE_R54-DiplomeUniversiteInterUniversitaire,null,"Diplôme d'Université ou Inter-Universitaire","ValueSet/JDV-J105-EnsembleDiplome-RASS,ValueSet/JDV-J183-Diplome-EPARS,ValueSet/JDV-J75-TypeAutorisation-RASS"
https://mos.esante.gouv.fr/NOS/TRE_R55-CertificatEtudeSpeciale/FHIR/TRE-R55-CertificatEtudeSpeciale,1.1.0,active,"1.2.250.1.213.1.6.1.52",TRE_R55-CertificatEtudeSpeciale,null,"Certificat d'Etude Spéciale","ValueSet/JDV-J105-EnsembleDiplome-RASS"
https://mos.esante.gouv.fr/NOS/TRE_R56-Attestation/FHIR/TRE-R56-Attestation,1.1.0,active,"1.2.250.1.213.1.6.1.27",TRE_R56-Attestation,null,"Attestation","ValueSet/JDV-J105-EnsembleDiplome-RASS,ValueSet/JDV-J183-Diplome-EPARS"
https://mos.esante.gouv.fr/NOS/TRE_R57-DiplomeEuropeenEtudeSpecialisee/FHIR/TRE-R57-DiplomeEuropeenEtudeSpecialisee,1.1.0,active,"1.2.250.1.213.1.6.1.33",TRE_R57-DiplomeEuropeenEtudeSpecialisee,null,"Diplôme Européen d'Etudes Spécialisées","ValueSet/JDV-J105-EnsembleDiplome-RASS"
https://mos.esante.gouv.fr/NOS/TRE_R58-AutreTypeDiplome/FHIR/TRE-R58-AutreTypeDiplome,1.1.0,active,"1.2.250.1.213.1.6.1.53",TRE_R58-AutreTypeDiplome,null,"Autre type de diplôme","ValueSet/JDV-J105-EnsembleDiplome-RASS,ValueSet/JDV-J183-Diplome-EPARS"
https://mos.esante.gouv.fr/NOS/TRE_R60-AutoriteEnregistrement/FHIR/TRE-R60-AutoriteEnregistrement,1.1.0,active,"1.2.250.1.213.1.6.1.57",TRE_R60-AutoriteEnregistrement,null,"Autorité d'enregistrement","ValueSet/JDV-J170-AutoriteEnregistrement-EPARS,ValueSet/JDV-J83-AutoriteEnregistrement-RASS"
https://mos.esante.gouv.fr/NOS/TRE_R66-CategorieEtablissement/FHIR/TRE-R66-CategorieEtablissement,1.1.0,active,"1.2.250.1.213.1.6.1.8",TRE_R66-CategorieEtablissement,null,"Catégorie d'établissements","ValueSet/JDV-J129-CategorieEtablissement-RASS,ValueSet/JDV-J55-CategorieEG-ROR"
https://mos.esante.gouv.fr/NOS/TRE_R67-TypeStructure-EJ-EG/FHIR/TRE-R67-TypeStructure-EJ-EG,1.1.0,active,"1.2.250.1.213.1.6.1.62",TRE_R67-TypeStructure-EJ-EG,null,"Type de structure","ValueSet/JDV-J203-TypeOrganisationInterne-ROR"
https://mos.esante.gouv.fr/NOS/TRE_R69-FinessAgregatStatutJuridiqueNiv2/FHIR/TRE-R69-FinessAgregatStatutJuridiqueNiv2,1.1.0,active,"1.2.250.1.213.1.6.1.64",TRE_R69-FinessAgregatStatutJuridiqueNiv2,null,"Agrégats de statuts juridiques FINESS niveau 2","ValueSet/JDV-J200-SousEnsembleAgregatStatutJuridique-ROR"
https://mos.esante.gouv.fr/NOS/TRE_R72-FinessStatutJuridique/FHIR/TRE-R72-FinessStatutJuridique,1.1.0,active,"1.2.250.1.213.1.6.1.44",TRE_R72-FinessStatutJuridique,null,"Statuts juridiques provenant de FINESS, excepté pour les codes 000 et 100 à 110 qui ont été ajoutés pour les besoins du RPPS en 2017.","ValueSet/JDV-J199-StatutJuridique-ROR,ValueSet/JDV-J127-StatutJuridique-ENREG,ValueSet/JDV-J100-FinessStatutJuridique-RASS,ValueSet/JDV-J173-FinessStatutJuridique-EPARS"
https://mos.esante.gouv.fr/NOS/TRE_R73-ESPIC/FHIR/TRE-R73-ESPIC,1.1.0,active,"1.2.250.1.213.1.6.1.45",TRE_R73-ESPIC,null,"Etablissement de santé privé d'intérêt collectif","ValueSet/JDV-J162-ESPIC-RASS,ValueSet/JDV-J202-ESPIC-ROR"
https://mos.esante.gouv.fr/NOS/TRE_R75-InseeNAFrev2Niveau5/FHIR/TRE-R75-InseeNAFrev2Niveau5,1.1.0,active,"1.2.250.1.213.1.6.1.47",TRE_R75-InseeNAFrev2Niveau5,null,"Sous-classes de la Nomenclature d'Activités Française - INSEE","ValueSet/JDV-J99-InseeNAFrav2Niveau5-RASS"
https://mos.esante.gouv.fr/NOS/TRE_R78-ProfilAccesReferentiel/FHIR/TRE-R78-ProfilAccesReferentiel,1.1.0,active,"1.2.250.1.213.1.6.1.66",TRE_R78-ProfilAccesReferentiel,null,"Profil d'accès aux référentiels","ValueSet/JDV-J68-ProfilAccesReferentiel-ROR"
https://mos.esante.gouv.fr/NOS/TRE_R81-Civilite/FHIR/TRE-R81-Civilite,1.1.0,active,"1.2.250.1.213.1.6.1.69",TRE_R81-Civilite,null,"Civilité","ValueSet/JDV-J245-Civilite-CISIS,ValueSet/JDV-J207-Civilite-ROR,ValueSet/JDV-J12-CiviliteTitre-CISIS,ValueSet/JDV-J113-Civilite-ENREG,ValueSet/JDV-J78-Civilite-RASS"
https://mos.esante.gouv.fr/NOS/TRE_R85-RolePriseCharge/FHIR/TRE-R85-RolePriseCharge,1.1.0,active,"1.2.250.1.213.1.6.1.107",TRE_R85-RolePriseCharge,null,"Rôle dans la prise en charge des patients ou des usagers","ValueSet/JDV-J108-EnsembleFonction-RASS,ValueSet/JDV-J05-SubjectRole-CISIS,ValueSet/JDV-J71-ProfessionFonction-MSSante,ValueSet/JDV-J186-ProfessionRessource-ROR,ValueSet/JDV-J47-FunctionCode-CISIS,ValueSet/JDV-J48-ProfessionNonPS-CISIS,ValueSet/JDV-J121-RolePriseCharge-ENREG,ValueSet/JDV-J65-SubjectRole-DMP,ValueSet/JDV-J01-XdsAuthorSpecialty-CISIS,ValueSet/JDV-J54-Profession-ROR,ValueSet/JDV-J56-AuthorSpecialty-DMP"
https://mos.esante.gouv.fr/NOS/TRE_R87-TypeCarte/FHIR/TRE-R87-TypeCarte,1.1.0,active,"1.2.250.1.213.1.6.1.106",TRE_R87-TypeCarte,null,"Type de carte","ValueSet/JDV-J128-TypeCarte-RASS"
https://mos.esante.gouv.fr/NOS/TRE_R88-TerritoireSante/FHIR/TRE-R88-TerritoireSante,1.1.0,active,"1.2.250.1.213.1.6.1.104",TRE_R88-TerritoireSante,null,"Territoire de Santé (au sens ARS) en France","ValueSet/JDV-J249-TerritoireSante-ROR"
https://mos.esante.gouv.fr/NOS/TRE_R94-ProfessionSocial/FHIR/TRE-R94-ProfessionSocial,1.1.0,active,"1.2.250.1.213.1.6.1.4",TRE_R94-ProfessionSocial,null,"Profession du social","ValueSet/JDV-J166-Profession-EPARS,ValueSet/JDV-J05-SubjectRole-CISIS,ValueSet/JDV-J186-ProfessionRessource-ROR,ValueSet/JDV-J48-ProfessionNonPS-CISIS,ValueSet/JDV-J65-SubjectRole-DMP,ValueSet/JDV-J106-EnsembleProfession-RASS,ValueSet/JDV-J01-XdsAuthorSpecialty-CISIS,ValueSet/JDV-J54-Profession-ROR,ValueSet/JDV-J56-AuthorSpecialty-DMP"
https://mos.esante.gouv.fr/NOS/TRE_R95-UsagerTitre/FHIR/TRE-R95-UsagerTitre,1.1.0,active,"1.2.250.1.213.1.6.1.109",TRE_R95-UsagerTitre,null,"Usager de titre professionnel","ValueSet/JDV-J166-Profession-EPARS,ValueSet/JDV-J05-SubjectRole-CISIS,ValueSet/JDV-J186-ProfessionRessource-ROR,ValueSet/JDV-J48-ProfessionNonPS-CISIS,ValueSet/JDV-J65-SubjectRole-DMP,ValueSet/JDV-J106-EnsembleProfession-RASS,ValueSet/JDV-J01-XdsAuthorSpecialty-CISIS,ValueSet/JDV-J54-Profession-ROR,ValueSet/JDV-J56-AuthorSpecialty-DMP"
https://mos.esante.gouv.fr/NOS/TRE_R96-AutreFonctionSanitaire/FHIR/TRE-R96-AutreFonctionSanitaire,1.1.0,active,"1.2.250.1.213.1.6.1.110",TRE_R96-AutreFonctionSanitaire,null,"Autres fonctions du domaine sanitaire","ValueSet/JDV-J108-EnsembleFonction-RASS,ValueSet/JDV-J186-ProfessionRessource-ROR,ValueSet/JDV-J54-Profession-ROR"
https://mos.esante.gouv.fr/NOS/TRE_R97-DroitExerciceCompl/FHIR/TRE-R97-DroitExerciceCompl,1.1.0,active,"1.2.250.1.213.1.6.1.111",TRE_R97-DroitExerciceCompl,null,"Droit d'exercice complémentaire","ValueSet/JDV-J216-DroitExerciceCompl-ROR,ValueSet/JDV-J107-EnsembleSavoirFaire-RASS"
