URL,Version,Status,OIDs,Name,Title,Descriptino,Uses,Used,Sources
https://mos.esante.gouv.fr/NOS/JDV_J01-XdsAuthorSpecialty-CISIS/FHIR/JDV-J01-XdsAuthorSpecialty-CISIS,1.5.0,active,"1.2.250.1.213.1.1.5.461",JDV_J01-XdsAuthorSpecialty-CISIS,,"XDS authorSpecialty CI-SIS",,"Internal"
https://mos.esante.gouv.fr/NOS/JDV_J02-XdsHealthcareFacilityTypeCode-CISIS/FHIR/JDV-J02-XdsHealthcareFacilityTypeCode-CISIS,1.5.0,active,"1.2.250.1.213.1.1.5.466",JDV_J02-XdsHealthcareFacilityTypeCode-CISIS,,"XDS healthcareFacilityTypeCode CI-SIS",,"Internal"
https://mos.esante.gouv.fr/NOS/JDV_J03-XdsContentTypeCode-CISIS/FHIR/JDV-J03-XdsContentTypeCode-CISIS,1.5.0,active,"1.2.250.1.213.1.1.5.464",JDV_J03-XdsContentTypeCode-CISIS,,"XDS contentTypeCode CI-SIS",,"Internal"
https://mos.esante.gouv.fr/NOS/JDV_J04-XdsPracticeSettingCode-CISIS/FHIR/JDV-J04-XdsPracticeSettingCode-CISIS,1.5.0,active,"1.2.250.1.213.1.1.5.467",JDV_J04-XdsPracticeSettingCode-CISIS,,"XDS practiceSettingCode CI-SIS",,"Internal"
https://mos.esante.gouv.fr/NOS/JDV_J05-SubjectRole-CISIS/FHIR/JDV-J05-SubjectRole-CISIS,1.5.0,active,"1.2.250.1.213.1.1.5.470",JDV_J05-SubjectRole-CISIS,,"subjectRole CI-SIS",,"Internal"
https://mos.esante.gouv.fr/NOS/JDV_J06-XdsClassCode-CISIS/FHIR/JDV-J06-XdsClassCode-CISIS,1.5.0,active,"1.2.250.1.213.1.1.5.462",JDV_J06-XdsClassCode-CISIS,,"XDS classCode CI-SIS",,"Internal"
https://mos.esante.gouv.fr/NOS/JDV_J07-XdsTypeCode-CISIS/FHIR/JDV-J07-XdsTypeCode-CISIS,1.5.0,active,"1.2.250.1.213.1.1.5.471",JDV_J07-XdsTypeCode-CISIS,,"XDS typeCode CI-SIS",,"Internal,LOINC"
https://mos.esante.gouv.fr/NOS/JDV_J08-XdsConfidentialityCode-CISIS/FHIR/JDV-J08-XdsConfidentialityCode-CISIS,1.5.0,active,"1.2.250.1.213.1.1.5.463",JDV_J08-XdsConfidentialityCode-CISIS,,"XDS confidentialityCode - CI-SIS",,"Internal"
https://mos.esante.gouv.fr/NOS/JDV_J10-XdsFormatCode-CISIS/FHIR/JDV-J10-XdsFormatCode-CISIS,1.5.0,active,"1.2.250.1.213.1.1.5.465",JDV_J10-XdsFormatCode-CISIS,,"XDS formatCode documents CI-SIS",,"Internal"
https://mos.esante.gouv.fr/NOS/JDV_J100-FinessStatutJuridique-RASS/FHIR/JDV-J100-FinessStatutJuridique-RASS,1.5.0,active,"1.2.250.1.213.1.6.1.168",JDV_J100-FinessStatutJuridique-RASS,,"Statut juridique FINESS dans le RASS",,"Internal"
https://mos.esante.gouv.fr/NOS/JDV_J101-SecteurActivite-RASS/FHIR/JDV-J101-SecteurActivite-RASS,1.5.0,active,"1.2.250.1.213.1.6.1.169",JDV_J101-SecteurActivite-RASS,,"Secteurs d'activité des établissements avec la même activité dans le RASS",,"Internal"
https://mos.esante.gouv.fr/NOS/JDV_J103-TypeVoie-RASS/FHIR/JDV-J103-TypeVoie-RASS,1.5.0,active,"1.2.250.1.213.1.6.1.171",JDV_J103-TypeVoie-RASS,,"Type de voie du professionnel du RASS",,"Internal"
https://mos.esante.gouv.fr/NOS/JDV_J104-TypeIdentifiantStructure-RASS/FHIR/JDV-J104-TypeIdentifiantStructure-RASS,1.5.0,active,"1.2.250.1.213.1.6.1.172",JDV_J104-TypeIdentifiantStructure-RASS,,"Type d'identifiant national de structure dans le RASS",,"Internal"
https://mos.esante.gouv.fr/NOS/JDV_J105-EnsembleDiplome-RASS/FHIR/JDV-J105-EnsembleDiplome-RASS,1.5.0,active,"1.2.250.1.213.1.6.1.173",JDV_J105-EnsembleDiplome-RASS,,"Ensemble des diplômes et qualifications du RASS",,"Internal"
https://mos.esante.gouv.fr/NOS/JDV_J106-EnsembleProfession-RASS/FHIR/JDV-J106-EnsembleProfession-RASS,1.5.0,active,"1.2.250.1.213.1.6.1.174",JDV_J106-EnsembleProfession-RASS,,"Ensemble des professions du RASS",,"Internal"
https://mos.esante.gouv.fr/NOS/JDV_J107-EnsembleSavoirFaire-RASS/FHIR/JDV-J107-EnsembleSavoirFaire-RASS,1.5.0,active,"1.2.250.1.213.1.6.1.175",JDV_J107-EnsembleSavoirFaire-RASS,,"Ensemble des savoir-faire et compétences du RASS",,"Internal"
https://mos.esante.gouv.fr/NOS/JDV_J108-EnsembleFonction-RASS/FHIR/JDV-J108-EnsembleFonction-RASS,1.5.0,active,"1.2.250.1.213.1.6.1.176",JDV_J108-EnsembleFonction-RASS,,"Ensemble des fonctions et rôles du RASS",,"Internal"
https://mos.esante.gouv.fr/NOS/JDV_J11-RelationPatient-CISIS/FHIR/JDV-J11-RelationPatient-CISIS,1.5.0,active,"1.2.250.1.213.3.3.16",JDV_J11-RelationPatient-CISIS,,"Relation par rapport au patient - CI-SIS",,"Internal"
https://mos.esante.gouv.fr/NOS/JDV_J110-StatutVisibiliteDocument-CISIS/FHIR/JDV-J110-StatutVisibiliteDocument-CISIS,1.5.0,active,"1.2.250.1.213.1.1.5.480",JDV_J110-StatutVisibiliteDocument-CISIS,,"Restriction d'audience applicable aux objets référencés liste - CISIS",,"Internal"
https://mos.esante.gouv.fr/NOS/JDV_J111-StatutEtatCivil-ENREG/FHIR/JDV-J111-StatutEtatCivil-ENREG,1.5.0,active,"1.2.250.1.213.1.6.1.182",JDV_J111-StatutEtatCivil-ENREG,,"Statut de l'état civil pour ENREG",,"Internal"
https://mos.esante.gouv.fr/NOS/JDV_J112-SexeAdministratif-ENREG/FHIR/JDV-J112-SexeAdministratif-ENREG,1.5.0,active,"1.2.250.1.213.1.6.1.183",JDV_J112-SexeAdministratif-ENREG,,"Sexe administratif pour ENREG",,"Internal"
https://mos.esante.gouv.fr/NOS/JDV_J113-Civilite-ENREG/FHIR/JDV-J113-Civilite-ENREG,1.5.0,active,"1.2.250.1.213.1.6.1.184",JDV_J113-Civilite-ENREG,,"Civilité pour ENREG",,"Internal"
https://mos.esante.gouv.fr/NOS/JDV_J114-Pays-ENREG/FHIR/JDV-J114-Pays-ENREG,1.5.0,retired,"1.2.250.1.213.1.6.1.185",JDV_J114-Pays-ENREG,,"Référentiel dérivé des pays provenant de la norme INSEE pour ENREG",,"Internal"
https://mos.esante.gouv.fr/NOS/JDV_J115-Langue-ENREG/FHIR/JDV-J115-Langue-ENREG,1.5.0,active,"1.2.250.1.213.1.6.1.186",JDV_J115-Langue-ENREG,,"Langue pour ENREG",,"Internal"
https://mos.esante.gouv.fr/NOS/JDV_J116-GenreActivite-ENREG/FHIR/JDV-J116-GenreActivite-ENREG,1.5.0,active,"1.2.250.1.213.1.6.1.187",JDV_J116-GenreActivite-ENREG,,"Genre d'activité pour ENREG",,"Internal"
https://mos.esante.gouv.fr/NOS/JDV_J117-ModeExercice-ENREG/FHIR/JDV-J117-ModeExercice-ENREG,1.5.0,active,"1.2.250.1.213.1.6.1.188",JDV_J117-ModeExercice-ENREG,,"Mode d'exercice pour ENREG",,"Internal"
https://mos.esante.gouv.fr/NOS/JDV_J118-CategorieProfessionnelle-ENREG/FHIR/JDV-J118-CategorieProfessionnelle-ENREG,1.5.0,active,"1.2.250.1.213.1.6.1.189",JDV_J118-CategorieProfessionnelle-ENREG,,"Catégorie professionnelle pour ENREG",,"Internal"
https://mos.esante.gouv.fr/NOS/JDV_J119-TypeActiviteLiberale-ENREG/FHIR/JDV-J119-TypeActiviteLiberale-ENREG,1.5.0,active,"1.2.250.1.213.1.6.1.190",JDV_J119-TypeActiviteLiberale-ENREG,,"Type d'activité libérale pour ENREG",,"Internal"
https://mos.esante.gouv.fr/NOS/JDV_J121-RolePriseCharge-ENREG/FHIR/JDV-J121-RolePriseCharge-ENREG,1.5.0,active,"1.2.250.1.213.1.6.1.200",JDV_J121-RolePriseCharge-ENREG,,"Code des rôles et fonctions pour l'application ENREG",,"Internal"
https://mos.esante.gouv.fr/NOS/JDV_J122-Profession-ENREG/FHIR/JDV-J122-Profession-ENREG,1.5.0,active,"1.2.250.1.213.1.6.1.209",JDV_J122-Profession-ENREG,,"Liste des professions autorisées dans ENREG Cette liste ne doit contenir qu'une professions définie comme profession par défaut pour les professionnels caractérisés par leur rôle.",,"Internal"
https://mos.esante.gouv.fr/NOS/JDV_J123-Pays-MDPH/FHIR/JDV-J123-Pays-MDPH,1.5.0,retired,"1.2.250.1.213.3.4.8",JDV_J123-Pays-MDPH,,"Toute la nomenclature des codes pays auquel on ajoute le code applicatif r ""non renseigné""",,"Internal"
https://mos.esante.gouv.fr/NOS/JDV_J125-MotifRejet-ENREG/FHIR/JDV-J125-MotifRejet-ENREG,1.5.0,active,"1.2.250.1.213.1.6.1.210",JDV_J125-MotifRejet-ENREG,,"Code des motifs de refus d'une demande d'enregistrement pour l'application ENREG",,"Internal"
https://mos.esante.gouv.fr/NOS/JDV_J126-SecteurActivite-ENREG/FHIR/JDV-J126-SecteurActivite-ENREG,1.5.0,active,"1.2.250.1.213.1.6.1.212",JDV_J126-SecteurActivite-ENREG,,"Table des Secteur d'activité des structures Siret uniquement utilisé par ENREG pour enregistrer les structures absentes des référentiels de l'ANS.",,"Internal"
https://mos.esante.gouv.fr/NOS/JDV_J127-StatutJuridique-ENREG/FHIR/JDV-J127-StatutJuridique-ENREG,1.5.0,active,"1.2.250.1.213.1.6.1.213",JDV_J127-StatutJuridique-ENREG,,"Jeu de valeur sur les statuts juridiques pour ENREG",,"Internal"
https://mos.esante.gouv.fr/NOS/JDV_J128-TypeCarte-RASS/FHIR/JDV-J128-TypeCarte-RASS,1.5.0,active,"1.2.250.1.213.1.6.1.214",JDV_J128-TypeCarte-RASS,,"Type de carte dans le RASS",,"Internal"
https://mos.esante.gouv.fr/NOS/JDV_J129-CategorieEtablissement-RASS/FHIR/JDV-J129-CategorieEtablissement-RASS,1.5.0,active,"1.2.250.1.213.1.6.1.215",JDV_J129-CategorieEtablissement-RASS,,"Catégorie d'établissement du RASS",,"Internal"
https://mos.esante.gouv.fr/NOS/JDV_J13-ResponsableConsent-CISIS/FHIR/JDV-J13-ResponsableConsent-CISIS,1.5.0,active,"1.2.250.1.213.1.1.5.23",JDV_J13-ResponsableConsent-CISIS,,"Responsable consentement - CI-SIS",,"Internal"
https://mos.esante.gouv.fr/NOS/JDV_J130-CNAMAmeliSecteurConventionnement-RASS/FHIR/JDV-J130-CNAMAmeliSecteurConventionnement-RASS,1.5.0,active,"1.2.250.1.213.1.6.1.216",JDV_J130-CNAMAmeliSecteurConventionnement-RASS,,"Secteur de conventionnement du professionnel libéral",,"Internal"
https://mos.esante.gouv.fr/NOS/JDV_J131-CategorieActiviteSanitaireRegulee-RASS/FHIR/JDV-J131-CategorieActiviteSanitaireRegulee-RASS,1.5.0,active,"1.2.250.1.213.1.6.1.217",JDV_J131-CategorieActiviteSanitaireRegulee-RASS,,"Catégorie des activités sanitaires régulées dans le RASS",,"Internal"
https://mos.esante.gouv.fr/NOS/JDV_J132-ModaliteActivite-RASS/FHIR/JDV-J132-ModaliteActivite-RASS,1.5.0,active,"1.2.250.1.213.1.6.1.218",JDV_J132-ModaliteActivite-RASS,,"Mode d'application ou type de soins encadrant une activité dans le RASS",,"Internal"
https://mos.esante.gouv.fr/NOS/JDV_J133-ActiviteSanitaireRegulee-RASS/FHIR/JDV-J133-ActiviteSanitaireRegulee-RASS,1.5.0,active,"1.2.250.1.213.1.6.1.219",JDV_J133-ActiviteSanitaireRegulee-RASS,,"Activités sanitaires soumises à une régulation de la part de l'ARS dans le RASS",,"Internal"
https://mos.esante.gouv.fr/NOS/JDV_J134-FormeActivite-RASS/FHIR/JDV-J134-FormeActivite-RASS,1.5.0,active,"1.2.250.1.213.1.6.1.220",JDV_J134-FormeActivite-RASS,,"Type d'organisation de prise en charge du RASS",,"Internal"
https://mos.esante.gouv.fr/NOS/JDV_J135-EquipementMaterielLourd-RASS/FHIR/JDV-J135-EquipementMaterielLourd-RASS,1.5.0,active,"1.2.250.1.213.1.6.1.221",JDV_J135-EquipementMaterielLourd-RASS,,"Equipements Matériels Lourds dans le RASS",,"Internal"
https://mos.esante.gouv.fr/NOS/JDV_J136-DisciplineEquipementSocial-RASS/FHIR/JDV-J136-DisciplineEquipementSocial-RASS,1.5.0,active,"1.2.250.1.213.1.6.1.222",JDV_J136-DisciplineEquipementSocial-RASS,,"Disciplines d'équipement pour le social dans le RASS",,"Internal"
https://mos.esante.gouv.fr/NOS/JDV_J137-Clientele-RASS/FHIR/JDV-J137-Clientele-RASS,1.5.0,active,"1.2.250.1.213.1.6.1.223",JDV_J137-Clientele-RASS,,"Population prise en charge par l'établissement dans le cadre",,"Internal"
https://mos.esante.gouv.fr/NOS/JDV_J138-TypeActivite-RASS/FHIR/JDV-J138-TypeActivite-RASS,1.5.0,active,"1.2.250.1.213.1.6.1.224",JDV_J138-TypeActivite-RASS,,"Type d'activité dans le RASS",,"Internal"
https://mos.esante.gouv.fr/NOS/JDV_J139-TypeBAL-RASS/FHIR/JDV-J139-TypeBAL-RASS,1.5.0,active,"1.2.250.1.213.1.6.1.225",JDV_J139-TypeBAL-RASS,,"Type de boîte aux lettres dans le RASS",,"Internal"
https://mos.esante.gouv.fr/NOS/JDV_J14-QualiteRepresentantLegal-CISIS/FHIR/JDV-J14-QualiteRepresentantLegal-CISIS,1.5.0,active,"1.2.250.1.213.1.1.5.468",JDV_J14-QualiteRepresentantLegal-CISIS,,"Qualité représentant légal - CI-SIS",,"Internal"
https://mos.esante.gouv.fr/NOS/JDV_J140-EncounterParticipationType-CISIS/FHIR/JDV-J140-EncounterParticipationType-CISIS,1.5.0,active,"1.2.250.1.213.1.1.5.528",JDV_J140-EncounterParticipationType-CISIS,,"JDV_J140-EncounterParticipationType-CISIS",,"Internal"
https://mos.esante.gouv.fr/NOS/JDV_J141-RoleClass-CISIS/FHIR/JDV-J141-RoleClass-CISIS,1.5.0,active,"1.2.250.1.213.1.1.5.588",JDV_J141-RoleClass-CISIS,,"RoleClassAssociative CI-SIS",,"Internal"
https://mos.esante.gouv.fr/NOS/JDV_J142-TypeRencontre-CISIS/FHIR/JDV-J142-TypeRencontre-CISIS,1.5.0,active,"1.2.250.1.213.1.1.5.589",JDV_J142-TypeRencontre-CISIS,,"Type de prise en charge CI-SIS",,"Internal"
https://mos.esante.gouv.fr/NOS/JDV_J143-AdministrativeGender-CISIS/FHIR/JDV-J143-AdministrativeGender-CISIS,1.5.0,active,"1.2.250.1.213.1.1.5.590",JDV_J143-AdministrativeGender-CISIS,,"Sexe administratif CI-SIS",,"Internal"
https://mos.esante.gouv.fr/NOS/JDV_J144-ParticipationType-CISIS/FHIR/JDV-J144-ParticipationType-CISIS,1.5.0,active,"1.2.250.1.213.1.1.5.591",JDV_J144-ParticipationType-CISIS,,"Type de participation CI-SIS",,"Internal"
https://mos.esante.gouv.fr/NOS/JDV_J145-MethodBodyWeight-ENS/FHIR/JDV-J145-MethodBodyWeight-ENS,1.5.0,active,"1.2.250.1.213.1.1.5.600",JDV_J145-MethodBodyWeight-ENS,,"JDV pour la méthode de mesure du poids",,"Other"
https://mos.esante.gouv.fr/NOS/JDV_J146-MethodBodyHeight-ENS/FHIR/JDV-J146-MethodBodyHeight-ENS,1.5.0,active,"1.2.250.1.213.1.1.5.601",JDV_J146-MethodBodyHeight-ENS,,"JDV pour la méthode de mesure de la taille",,"Other"
https://mos.esante.gouv.fr/NOS/JDV_J147-MethodHeartrate-ENS/FHIR/JDV-J147-MethodHeartrate-ENS,1.5.0,active,"1.2.250.1.213.1.1.5.602",JDV_J147-MethodHeartrate-ENS,,"JDV pour la méthode de mesure de fréquence cardiaque",,"Other"
https://mos.esante.gouv.fr/NOS/JDV_J148-ReferenceRangeAppliesTo-CISIS/FHIR/JDV-J148-ReferenceRangeAppliesTo-CISIS,1.5.0,retired,"1.2.250.1.213.1.1.5.603",JDV_J148-ReferenceRangeAppliesTo-CISIS,,"JDV pour le champ d'application de l'intervalle de référence",,"SCT,Internal"
https://mos.esante.gouv.fr/NOS/JDV_J149-BodySiteBP-ENS/FHIR/JDV-J149-BodySiteBP-ENS,1.5.0,active,"1.2.250.1.213.1.1.5.604",JDV_J149-BodySiteBP-ENS,,"JDV pour la localisation de la mesure de la pression artérielle",,"SCT"
https://mos.esante.gouv.fr/NOS/JDV_J15-ClasseAge-ROR/FHIR/JDV-J15-ClasseAge-ROR,1.5.0,active,"1.2.250.1.213.3.4.3",JDV_J15-ClasseAge-ROR,,"Classe d'âge - ROR",,"Internal"
https://mos.esante.gouv.fr/NOS/JDV_J150-MethodBP-ENS/FHIR/JDV-J150-MethodBP-ENS,1.5.0,active,"1.2.250.1.213.1.1.5.605",JDV_J150-MethodBP-ENS,,"JDV pour la méthode de mesure de la pression artérielle",,"Other"
https://mos.esante.gouv.fr/NOS/JDV_J152-MethodBodyTemperature-ENS/FHIR/JDV-J152-MethodBodyTemperature-ENS,1.5.0,active,"1.2.250.1.213.1.1.5.607",JDV_J152-MethodBodyTemperature-ENS,,"JDV pour la méthode de la mesure de la température",,"Other"
https://mos.esante.gouv.fr/NOS/JDV_J154-TypeGlucose-ENS/FHIR/JDV-J154-TypeGlucose-ENS,1.5.0,active,"1.2.250.1.213.1.1.5.609",JDV_J154-TypeGlucose-ENS,,"JDV pour caractériser le type de glucose",,"LOINC,Other"
https://mos.esante.gouv.fr/NOS/JDV_J155-MethodGlucoseSanguin-ENS/FHIR/JDV-J155-MethodGlucoseSanguin-ENS,1.5.0,active,"1.2.250.1.213.1.1.5.610",JDV_J155-MethodGlucoseSanguin-ENS,,"JDV pour la méthode de mesure du glucose sanguin",,"Other"
https://mos.esante.gouv.fr/NOS/JDV_J156-MethodGlucoseInterstitiel-ENS/FHIR/JDV-J156-MethodGlucoseInterstitiel-ENS,1.5.0,active,"1.2.250.1.213.1.1.5.611",JDV_J156-MethodGlucoseInterstitiel-ENS,,"JDV pour la méthode de mesure du glucose interstitiel",,"Other"
https://mos.esante.gouv.fr/NOS/JDV_J157-MomentGlucose-ENS/FHIR/JDV-J157-MomentGlucose-ENS,1.5.0,active,"1.2.250.1.213.1.1.5.612",JDV_J157-MomentGlucose-ENS,,"JDV pour caractériser le moment de la mesure de glucose",,"LOINC,Other"
https://mos.esante.gouv.fr/NOS/JDV_J158-MethodStepsByDay-ENS/FHIR/JDV-J158-MethodStepsByDay-ENS,1.5.0,active,"1.2.250.1.213.1.1.5.613",JDV_J158-MethodStepsByDay-ENS,,"JDV pour la méthode de la mesure de nombre de pas par jour",,"Other"
https://mos.esante.gouv.fr/NOS/JDV_J159-MethodPainSeverity-ENS/FHIR/JDV-J159-MethodPainSeverity-ENS,1.5.0,active,"1.2.250.1.213.1.1.5.614",JDV_J159-MethodPainSeverity-ENS,,"JDV pour la méthode de la mesure du niveau de douleur",,"Other"
https://mos.esante.gouv.fr/NOS/JDV_J16-ActeSpecifique-ROR/FHIR/JDV-J16-ActeSpecifique-ROR,1.5.0,active,"1.2.250.1.213.3.4.4",JDV_J16-ActeSpecifique-ROR,,"Acte spécifique - ROR",,"Internal"
https://mos.esante.gouv.fr/NOS/JDV_J161-Lateralite-CISIS/FHIR/JDV-J161-Lateralite-CISIS,1.5.0,active,"1.2.250.1.213.1.1.5.616",JDV_J161-Lateralite-CISIS,,"JDV pour spécifier la latéralité",,"SCT"
https://mos.esante.gouv.fr/NOS/JDV_J162-ESPIC-RASS/FHIR/JDV-J162-ESPIC-RASS,1.5.0,active,"1.2.250.1.213.1.6.1.226",JDV_J162-ESPIC-RASS,,"Etablissement de santé privée d'intérêt collectif dans le RASS",,"Internal"
https://mos.esante.gouv.fr/NOS/JDV_J163-GlucoseUnits-ENS/FHIR/JDV-J163-GlucoseUnits-ENS,1.5.0,active,"1.2.250.1.213.1.1.5.639",JDV_J163-GlucoseUnits-ENS,,"Liste fermée des unités utilisables pour la mesure du glucose avec le profil ENS_ObservationGlucose",,"UCUM"
https://mos.esante.gouv.fr/NOS/JDV_J164-GlucoseNumberOfDays-ENS/FHIR/JDV-J164-GlucoseNumberOfDays-ENS,1.5.0,active,"1.2.250.1.213.1.1.5.640",JDV_J164-GlucoseNumberOfDays-ENS,,"Liste fermée des codes utilisables pour la mesure du taux de glucose interstitiel et de l'index de gestion de glycémie (IGG) avec le profil ENS_ObservationGlucose",,"Other"
https://mos.esante.gouv.fr/NOS/JDV_J165-TypeCreneau-SAS/FHIR/JDV-J165-TypeCreneau-SAS,1.5.0,active,"1.2.250.1.213.3.4.10",JDV_J165-TypeCreneau-SAS,,"Type de créneaux de soins définis par un professionnel de santé ou son délégataire dans son logiciel de prise de RDV selon la visibilité associée",,"Internal"
https://mos.esante.gouv.fr/NOS/JDV_J166-Profession-EPARS/FHIR/JDV-J166-Profession-EPARS,1.5.0,active,"1.2.250.1.213.1.6.1.227",JDV_J166-Profession-EPARS,,"Profession pour EPARS",,"Internal"
https://mos.esante.gouv.fr/NOS/JDV_J167-DepartementOM-EPARS/FHIR/JDV-J167-DepartementOM-EPARS,1.5.0,retired,"1.2.250.1.213.1.6.1.228",JDV_J167-DepartementOM-EPARS,,"Département pour saisie dans EPARS",,"Internal"
https://mos.esante.gouv.fr/NOS/JDV_J168-Pays-EPARS/FHIR/JDV-J168-Pays-EPARS,1.5.0,retired,"1.2.250.1.213.1.6.1.229",JDV_J168-Pays-EPARS,,"Pays pour EPARS",,"Internal"
https://mos.esante.gouv.fr/NOS/JDV_J169-MotifFinActivite-EPARS/FHIR/JDV-J169-MotifFinActivite-EPARS,1.5.0,active,"1.2.250.1.213.1.6.1.230",JDV_J169-MotifFinActivite-EPARS,,"Motifs de fin d'activités pour EPARS",,"Internal"
https://mos.esante.gouv.fr/NOS/JDV_J17-ActiviteOperationnelle-ROR/FHIR/JDV-J17-ActiviteOperationnelle-ROR,1.5.0,active,"1.2.250.1.213.3.4.5",JDV_J17-ActiviteOperationnelle-ROR,,"Activité Operationnelle - ROR",,"Internal"
https://mos.esante.gouv.fr/NOS/JDV_J170-AutoriteEnregistrement-EPARS/FHIR/JDV-J170-AutoriteEnregistrement-EPARS,1.5.0,active,"1.2.250.1.213.1.6.1.231",JDV_J170-AutoriteEnregistrement-EPARS,,"Liste des autorités d'enregistrement pour EPARS",,"Internal"
https://mos.esante.gouv.fr/NOS/JDV_J171-TypeAutorisation-EPARS/FHIR/JDV-J171-TypeAutorisation-EPARS,1.5.0,active,"1.2.250.1.213.1.6.1.232",JDV_J171-TypeAutorisation-EPARS,,"Types d'autorisation d'exercice pour EPARS",,"Internal"
https://mos.esante.gouv.fr/NOS/JDV_J172-SecteurActivite-EPARS/FHIR/JDV-J172-SecteurActivite-EPARS,1.5.0,active,"1.2.250.1.213.1.6.1.233",JDV_J172-SecteurActivite-EPARS,,"Secteur d'activité pour EPARS",,"Internal"
https://mos.esante.gouv.fr/NOS/JDV_J173-FinessStatutJuridique-EPARS/FHIR/JDV-J173-FinessStatutJuridique-EPARS,1.5.0,active,"1.2.250.1.213.1.6.1.234",JDV_J173-FinessStatutJuridique-EPARS,,"Statut juridique FINESS dans EPARS",,"Internal"
https://mos.esante.gouv.fr/NOS/JDV_J176-SituationVieQuotidienne-MDPH/FHIR/JDV-J176-SituationVieQuotidienne-MDPH,1.5.0,active,"1.2.250.1.213.3.4.11",JDV_J176-SituationVieQuotidienne-MDPH,,"Caractérise la situation de vie de la personne : vit seule ou avec d'autres",,"Internal"
https://mos.esante.gouv.fr/NOS/JDV_J177-BesoinAideMobilite-MDPH/FHIR/JDV-J177-BesoinAideMobilite-MDPH,1.5.0,active,"1.2.250.1.213.3.4.12",JDV_J177-BesoinAideMobilite-MDPH,,"La personne a besoin d'aide pour se déplacer à l'intérieur de son domicile",,"Internal"
https://mos.esante.gouv.fr/NOS/JDV_J178-BesoinAideVieSociale-MDPH/FHIR/JDV-J178-BesoinAideVieSociale-MDPH,1.5.0,active,"1.2.250.1.213.3.4.13",JDV_J178-BesoinAideVieSociale-MDPH,,"Caractérise les besoins d'aide de la personne en matière de vie sociale",,"Internal"
https://mos.esante.gouv.fr/NOS/JDV_J179-BesoinCommunication-MDPH/FHIR/JDV-J179-BesoinCommunication-MDPH,1.5.0,active,"1.2.250.1.213.3.4.14",JDV_J179-BesoinCommunication-MDPH,,"Caractérise les besoins d'aide de la personne en matière de scolarité, en lien avec la communication",,"Internal"
https://mos.esante.gouv.fr/NOS/JDV_J18-EquipementSpecifique-ROR/FHIR/JDV-J18-EquipementSpecifique-ROR,1.5.0,active,"1.2.250.1.213.3.4.6",JDV_J18-EquipementSpecifique-ROR,,"Equipement spécifique - ROR",,"Internal"
https://mos.esante.gouv.fr/NOS/JDV_J180-BesoinEntretienPersonnel-MDPH/FHIR/JDV-J180-BesoinEntretienPersonnel-MDPH,1.5.0,active,"1.2.250.1.213.3.4.15",JDV_J180-BesoinEntretienPersonnel-MDPH,,"Caractérise les besoins d'aide de la personne en matière de scolarité, en lien avec l'entretien personnel",,"Internal"
https://mos.esante.gouv.fr/NOS/JDV_J181-BesoinMobilite-MDPH/FHIR/JDV-J181-BesoinMobilite-MDPH,1.5.0,active,"1.2.250.1.213.3.4.16",JDV_J181-BesoinMobilite-MDPH,,"Caractérise les besoins d'aide de la personne en matière de scolarité, en lien avec la mobilité",,"Internal"
https://mos.esante.gouv.fr/NOS/JDV_J182-BesoinScolarite-MDPH/FHIR/JDV-J182-BesoinScolarite-MDPH,1.5.0,active,"1.2.250.1.213.3.4.17",JDV_J182-BesoinScolarite-MDPH,,"Caractérise les besoins d'aide de la personne en matière de scolarité, en lien avec les apprentissages",,"Internal"
https://mos.esante.gouv.fr/NOS/JDV_J183-Diplome-EPARS/FHIR/JDV-J183-Diplome-EPARS,1.5.0,active,"1.2.250.1.213.1.6.1.240",JDV_J183-Diplome-EPARS,,"Diplômes pour l'application EPARS",,"Internal"
https://mos.esante.gouv.fr/NOS/JDV_J185-TypeFermeture-ROR/FHIR/JDV-J185-TypeFermeture-ROR,1.5.0,active,"1.2.250.1.213.3.4.18",JDV_J185-TypeFermeture-ROR,,"Destination d'usage du lieu pour le lieu de réalisation de l'offre.",,"Internal"
https://mos.esante.gouv.fr/NOS/JDV_J186-ProfessionRessource-ROR/FHIR/JDV-J186-ProfessionRessource-ROR,1.5.0,active,"1.2.250.1.213.3.4.19",JDV_J186-ProfessionRessource-ROR,,"Profession Ressource des offres dans le ROR",,"Internal"
https://mos.esante.gouv.fr/NOS/JDV_J187-NatureCapacite-ROR/FHIR/JDV-J187-NatureCapacite-ROR,1.5.0,active,"1.2.250.1.213.3.4.20",JDV_J187-NatureCapacite-ROR,,"Permet d'indiquer dans le ROR si la capacité est exprimée en lits ou en places",,"Internal"
https://mos.esante.gouv.fr/NOS/JDV_J188-TypeStatutCapacite-ROR/FHIR/JDV-J188-TypeStatutCapacite-ROR,1.5.0,active,"1.2.250.1.213.3.4.21",JDV_J188-TypeStatutCapacite-ROR,,"Permet de préciser dans le ROR le statut des lits décrits",,"Internal"
https://mos.esante.gouv.fr/NOS/JDV_J189-TemporaliteCapacite-ROR/FHIR/JDV-J189-TemporaliteCapacite-ROR,1.5.0,active,"1.2.250.1.213.3.4.22",JDV_J189-TemporaliteCapacite-ROR,,"Sert à indiquer le moment où une capacité sera effective. Il est ainsi possible de décrire la situation immédiate ou de fournir une information prospective de capacités, prenant notamment en compte les entrées et sorties déjà identifiés de patients",,"Internal"
https://mos.esante.gouv.fr/NOS/JDV_J19-ModePriseEnCharge-ROR/FHIR/JDV-J19-ModePriseEnCharge-ROR,1.5.0,active,"1.2.250.1.213.3.4.1",JDV_J19-ModePriseEnCharge-ROR,,"Mode de la prise en charge - ROR",,"Internal"
https://mos.esante.gouv.fr/NOS/JDV_J190-GenreCapacite-ROR/FHIR/JDV-J190-GenreCapacite-ROR,1.5.0,active,"1.2.250.1.213.3.4.23",JDV_J190-GenreCapacite-ROR,,"Permet d'indiquer dans le ROR le genre des patients qui peuvent être installés dans des lits disponibles",,"Internal"
https://mos.esante.gouv.fr/NOS/JDV_J191-TypeFermetureCapacite-ROR/FHIR/JDV-J191-TypeFermetureCapacite-ROR,1.5.0,active,"1.2.250.1.213.3.4.24",JDV_J191-TypeFermetureCapacite-ROR,,"Permet d'indiquer dans le ROR le statut de lits fermés, afin d'identifier le nombre de lits fermés qui peuvent être réactivés en cas de besoin et le nombre de ceux qui ne peuvent pas l'être",,"Internal"
https://mos.esante.gouv.fr/NOS/JDV_J192-TypeLitSupplementaire-ROR/FHIR/JDV-J192-TypeLitSupplementaire-ROR,1.5.0,active,"1.2.250.1.213.3.4.25",JDV_J192-TypeLitSupplementaire-ROR,,"Permet d'indiquer dans le ROR le statut de lits supplémentaires, pour identifier le nombre de lits supplémentaires déjà mobilisés et, par typologie de mobilisation possible, le nombre de lits qui ne le sont pas encore",,"Internal"
https://mos.esante.gouv.fr/NOS/JDV_J193-TypeSourceCapacite-ROR/FHIR/JDV-J193-TypeSourceCapacite-ROR,1.5.0,active,"1.2.250.1.213.3.4.26",JDV_J193-TypeSourceCapacite-ROR,,"Permet d'indiquer dans le ROR quel type de source est à l'origine de l'information de capacité",,"Internal"
https://mos.esante.gouv.fr/NOS/JDV_J194-TypeCrise-ROR/FHIR/JDV-J194-TypeCrise-ROR,1.5.0,active,"1.2.250.1.213.3.4.27",JDV_J194-TypeCrise-ROR,,"Permet d'indiquer dans le ROR le type de crise qui permet de mobiliser le nombre de lits supplémentaires décrits",,"Internal"
https://mos.esante.gouv.fr/NOS/JDV_J195-AffectationTemporaire-ROR/FHIR/JDV-J195-AffectationTemporaire-ROR,1.5.0,active,"1.2.250.1.213.3.4.28",JDV_J195-AffectationTemporaire-ROR,,"Permet d'indiquer dans le ROR la réservation de tout ou partie des lits d'une zone d'hébergement pour des patients selon qu'ils soient -ou non- concernés par une pathologie (Covid+, Covid-, …) ou un évènement (catastrophe naturelle, attentat, …)",,"Internal"
https://mos.esante.gouv.fr/NOS/JDV_J196-StatutCommunication-ROR/FHIR/JDV-J196-StatutCommunication-ROR,1.5.0,active,"1.2.250.1.213.3.4.29",JDV_J196-StatutCommunication-ROR,,"Permet de donner une indication dans le ROR pour savoir une action doit être menée ou de son résultat lorsqu'elle a été menée",,"Internal"
https://mos.esante.gouv.fr/NOS/JDV_J197-XdsTypesIdentifiantsReferenceId-CISIS/FHIR/JDV-J197-XdsTypesIdentifiantsReferenceId-CISIS,1.5.0,active,"1.2.250.1.213.1.1.5.692",JDV_J197-XdsTypesIdentifiantsReferenceId-CISIS,,"Types d'identifiants utilisés dans la métadonnée XDS referenceIdList de la fiche du document dans le cadre du CISIS",,"Internal"
https://mos.esante.gouv.fr/NOS/JDV_J198-FonctionLieu-ROR/FHIR/JDV-J198-FonctionLieu-ROR,1.5.0,active,"1.2.250.1.213.3.4.30",JDV_J198-FonctionLieu-ROR,,"Destination d'usage du lieu pour le lieu de réalisation de l'offre.",,"Internal"
https://mos.esante.gouv.fr/NOS/JDV_J199-StatutJuridique-ROR/FHIR/JDV-J199-StatutJuridique-ROR,1.5.0,active,"1.2.250.1.213.3.4.31",JDV_J199-StatutJuridique-ROR,,"Statuts juridiques provenant de FINESS et RPPS",,"Internal"
https://mos.esante.gouv.fr/NOS/JDV_J20-ChampActivite-ROR/FHIR/JDV-J20-ChampActivite-ROR,1.5.0,active,"1.2.250.1.213.3.4.7",JDV_J20-ChampActivite-ROR,,"Champ d'activité - ROR",,"Internal"
https://mos.esante.gouv.fr/NOS/JDV_J200-SousEnsembleAgregatStatutJuridique-ROR/FHIR/JDV-J200-SousEnsembleAgregatStatutJuridique-ROR,1.5.0,active,"1.2.250.1.213.3.4.32",JDV_J200-SousEnsembleAgregatStatutJuridique-ROR,,"Agrégats de statuts juridiques FINESS niveau 2",,"Internal"
https://mos.esante.gouv.fr/NOS/JDV_J201-TypeFermeture-ROR/FHIR/JDV-J201-TypeFermeture-ROR,1.5.0,active,"1.2.250.1.213.3.4.33",JDV_J201-TypeFermeture-ROR,,"Type de fermeture, codes provenant du FINESS pour les EJ et EG",,"Internal"
https://mos.esante.gouv.fr/NOS/JDV_J202-ESPIC-ROR/FHIR/JDV-J202-ESPIC-ROR,1.5.0,active,"1.2.250.1.213.3.4.34",JDV_J202-ESPIC-ROR,,"Etablissement de santé privé d'intérêt collectif",,"Internal"
https://mos.esante.gouv.fr/NOS/JDV_J203-TypeOrganisationInterne-ROR/FHIR/JDV-J203-TypeOrganisationInterne-ROR,1.5.0,active,"1.2.250.1.213.3.4.35",JDV_J203-TypeOrganisationInterne-ROR,,"Type Organisation interne ou d’organization (FHIR)",,"Internal"
https://mos.esante.gouv.fr/NOS/JDV_J204-NiveauRecoursORSAN-ROR/FHIR/JDV-J204-NiveauRecoursORSAN-ROR,1.5.0,active,"1.2.250.1.213.3.4.36",JDV_J204-NiveauRecoursORSAN-ROR,,"Hiérarchisation fonctionnelle des Éts pour accueil patients après le SAMU",,"Internal"
https://mos.esante.gouv.fr/NOS/JDV_J205-UnitePrix-ROR/FHIR/JDV-J205-UnitePrix-ROR,1.5.0,active,"1.2.250.1.213.3.4.37",JDV_J205-UnitePrix-ROR,,"Unité de prix",,"Internal"
https://mos.esante.gouv.fr/NOS/JDV_J206-PrestationNonObligatoireIncluse-ROR/FHIR/JDV-J206-PrestationNonObligatoireIncluse-ROR,1.5.0,active,"1.2.250.1.213.3.4.38",JDV_J206-PrestationNonObligatoireIncluse-ROR,,"Prestations non obligatoire incluses",,"Internal"
https://mos.esante.gouv.fr/NOS/JDV_J207-Civilite-ROR/FHIR/JDV-J207-Civilite-ROR,1.5.0,active,"1.2.250.1.213.3.4.39",JDV_J207-Civilite-ROR,,"Civilité",,"Internal"
https://mos.esante.gouv.fr/NOS/JDV_J208-CiviliteExercice-ROR/FHIR/JDV-J208-CiviliteExercice-ROR,1.5.0,active,"1.2.250.1.213.3.4.40",JDV_J208-CiviliteExercice-ROR,,"Civilité d'exercice",,"Internal"
https://mos.esante.gouv.fr/NOS/JDV_J209-TypeSavoirFaire-ROR/FHIR/JDV-J209-TypeSavoirFaire-ROR,1.5.0,active,"1.2.250.1.213.3.4.41",JDV_J209-TypeSavoirFaire-ROR,,"Type de savoir-faire",,"Internal"
https://mos.esante.gouv.fr/NOS/JDV_J21-PalierAuthentificationActeurPP/FHIR/JDV-J21-PalierAuthentificationActeurPP,1.5.0,active,"1.2.250.1.213.1.5.2.1.1",JDV_J21-PalierAuthentificationActeurPP,,"Palier du référentiel PGSSI-S d'authentification des professionnels",,"Internal"
https://mos.esante.gouv.fr/NOS/JDV_J210-SpecialiteOrdinale-ROR/FHIR/JDV-J210-SpecialiteOrdinale-ROR,1.5.0,active,"1.2.250.1.213.3.4.42",JDV_J210-SpecialiteOrdinale-ROR,,"Spécialité ordinale",,"Internal"
https://mos.esante.gouv.fr/NOS/JDV_J211-CompetenceExclusive-ROR/FHIR/JDV-J211-CompetenceExclusive-ROR,1.5.0,active,"1.2.250.1.213.3.4.43",JDV_J211-CompetenceExclusive-ROR,,"Compétence exclusive",,"Internal"
https://mos.esante.gouv.fr/NOS/JDV_J212-OrientationParticuliere-ROR/FHIR/JDV-J212-OrientationParticuliere-ROR,1.5.0,active,"1.2.250.1.213.3.4.44",JDV_J212-OrientationParticuliere-ROR,,"Orientation particulière",,"Internal"
https://mos.esante.gouv.fr/NOS/JDV_J213-CapaciteSavoirFaire-ROR/FHIR/JDV-J213-CapaciteSavoirFaire-ROR,1.5.0,active,"1.2.250.1.213.3.4.45",JDV_J213-CapaciteSavoirFaire-ROR,,"Capacité (savoir-faire)",,"Internal"
https://mos.esante.gouv.fr/NOS/JDV_J214-QualificationPAC-ROR/FHIR/JDV-J214-QualificationPAC-ROR,1.5.0,active,"1.2.250.1.213.3.4.46",JDV_J214-QualificationPAC-ROR,,"Qualification de praticien adjoint contractuel",,"Internal"
https://mos.esante.gouv.fr/NOS/JDV_J215-DESCnonQualifiant-ROR/FHIR/JDV-J215-DESCnonQualifiant-ROR,1.5.0,active,"1.2.250.1.213.3.4.47",JDV_J215-DESCnonQualifiant-ROR,,"DESC non qualifiant",,"Internal"
https://mos.esante.gouv.fr/NOS/JDV_J216-DroitExerciceCompl-ROR/FHIR/JDV-J216-DroitExerciceCompl-ROR,1.5.0,active,"1.2.250.1.213.3.4.48",JDV_J216-DroitExerciceCompl-ROR,,"Droit d'exercice complémentaire",,"Internal"
https://mos.esante.gouv.fr/NOS/JDV_J217-ModeExercice-ROR/FHIR/JDV-J217-ModeExercice-ROR,1.5.0,active,"1.2.250.1.213.3.4.49",JDV_J217-ModeExercice-ROR,,"Mode d'exercice",,"Internal"
https://mos.esante.gouv.fr/NOS/JDV_J218-CNAMAmeliSecteurConventionnement-ROR/FHIR/JDV-J218-CNAMAmeliSecteurConventionnement-ROR,1.5.0,active,"1.2.250.1.213.3.4.50",JDV_J218-CNAMAmeliSecteurConventionnement-ROR,,"Secteur de conventionnement du professionnel libéral par la CNAM extracts ameli",,"Internal"
https://mos.esante.gouv.fr/NOS/JDV_J219-TypeVoie-ROR/FHIR/JDV-J219-TypeVoie-ROR,1.5.0,active,"1.2.250.1.213.3.4.51",JDV_J219-TypeVoie-ROR,,"Type de voie",,"Internal"
https://mos.esante.gouv.fr/NOS/JDV_J22-RestrictionAudienceVIHF-CISIS/FHIR/JDV-J22-RestrictionAudienceVIHF-CISIS,1.5.0,active,"1.2.250.1.213.1.1.5.469",JDV_J22-RestrictionAudienceVIHF-CISIS,,"Restriction d'audience pour les traces des VIHF",,"Internal"
https://mos.esante.gouv.fr/NOS/JDV_J220-FonctionContact-ROR/FHIR/JDV-J220-FonctionContact-ROR,1.5.0,active,"1.2.250.1.213.3.4.52",JDV_J220-FonctionContact-ROR,,"Un titre, une position, une fonction de la personne contact dans l'organisation",,"Internal"
https://mos.esante.gouv.fr/NOS/JDV_J221-NatureContact-ROR/FHIR/JDV-J221-NatureContact-ROR,1.5.0,active,"1.2.250.1.213.3.4.53",JDV_J221-NatureContact-ROR,,"Un service ou un guichet assurant le contact au sein de l'organisation",,"Internal"
https://mos.esante.gouv.fr/NOS/JDV_J222-NiveauConfidentialite-ROR/FHIR/JDV-J222-NiveauConfidentialite-ROR,1.5.0,active,"1.2.250.1.213.3.4.54",JDV_J222-NiveauConfidentialite-ROR,,"Niveau de restriction d'accès",,"Internal"
https://mos.esante.gouv.fr/NOS/JDV_J223-TypeDivisionTerritoriale-ROR/FHIR/JDV-J223-TypeDivisionTerritoriale-ROR,1.5.0,active,"1.2.250.1.213.3.4.55",JDV_J223-TypeDivisionTerritoriale-ROR,,"Type de division territoriale",,"Internal"
https://mos.esante.gouv.fr/NOS/JDV_J224-StatutLieu-ROR/FHIR/JDV-J224-StatutLieu-ROR,1.5.0,active,"1.2.250.1.213.3.4.56",JDV_J224-StatutLieu-ROR,,"Statut lieu",,"Internal"
https://mos.esante.gouv.fr/NOS/JDV_J225-CanalCommunication-ROR/FHIR/JDV-J225-CanalCommunication-ROR,1.5.0,active,"1.2.250.1.213.3.4.57",JDV_J225-CanalCommunication-ROR,,"Canal de communication",,"Internal"
https://mos.esante.gouv.fr/NOS/JDV_J226-ModaliteAccueil-ROR/FHIR/JDV-J226-ModaliteAccueil-ROR,1.5.0,active,"1.2.250.1.213.3.4.58",JDV_J226-ModaliteAccueil-ROR,,"Modalité d'accueil",,"Internal"
https://mos.esante.gouv.fr/NOS/JDV_J227-NiveauExpertise-ROR/FHIR/JDV-J227-NiveauExpertise-ROR,1.5.0,active,"1.2.250.1.213.3.4.59",JDV_J227-NiveauExpertise-ROR,,"Niveau de ressources humaines et matérielles utiles pour la réalisation de l'offre",,"Internal"
https://mos.esante.gouv.fr/NOS/JDV_J228-TypeCaracteristiqueEquipement-ROR/FHIR/JDV-J228-TypeCaracteristiqueEquipement-ROR,1.5.0,active,"1.2.250.1.213.3.4.60",JDV_J228-TypeCaracteristiqueEquipement-ROR,,"Type de caractéristique équipement",,"Internal"
https://mos.esante.gouv.fr/NOS/JDV_J229-ProfessionSante-ROR/FHIR/JDV-J229-ProfessionSante-ROR,1.5.0,active,"1.2.250.1.213.3.4.61",JDV_J229-ProfessionSante-ROR,,"Type de caractéristique équipement",,"Internal"
https://mos.esante.gouv.fr/NOS/JDV_J23-TypeNoteCahierLiaison-CISIS/FHIR/JDV-J23-TypeNoteCahierLiaison-CISIS,1.5.0,active,"1.2.250.1.213.1.1.5.98",JDV_J23-TypeNoteCahierLiaison-CISIS,,"Type de note du cahier de liaison - CI-SIS",,"Internal"
https://mos.esante.gouv.fr/NOS/JDV_J231-XdsTypesIdentifiantsReferenceId-DMP/FHIR/JDV-J231-XdsTypesIdentifiantsReferenceId-DMP,1.5.0,active,"1.2.250.1.213.1.1.5.693",JDV_J231-XdsTypesIdentifiantsReferenceId-DMP,,"Types d'identifiants utilisés dans la métadonnée XDS referenceIdList de la fiche du document dans le cadre du DMP",,"Internal"
https://mos.esante.gouv.fr/NOS/JDV_J232-Competence-ROR/FHIR/JDV-J232-Competence-ROR,1.5.0,active,"1.2.250.1.213.3.4.63",JDV_J232-Competence-ROR,,"Compétence",,"Internal"
https://mos.esante.gouv.fr/NOS/JDV_J233-TypeDiplome-EPARS/FHIR/JDV-J233-TypeDiplome-EPARS,1.5.0,active,"1.2.250.1.213.1.6.1.244",JDV_J233-TypeDiplome-EPARS,,"Jeu de valeur intégrant les types de diplômes pour EPARS",,"Internal"
https://mos.esante.gouv.fr/NOS/JDV_J234-GenreActivite-EPARS/FHIR/JDV-J234-GenreActivite-EPARS,1.5.0,active,"1.2.250.1.213.1.6.1.245",JDV_J234-GenreActivite-EPARS,,"Genre d'activité pour EPARS",,"Internal"
https://mos.esante.gouv.fr/NOS/JDV_J235-LieuFormation-EPARS/FHIR/JDV-J235-LieuFormation-EPARS,1.5.0,active,"1.2.250.1.213.1.6.1.246",JDV_J235-LieuFormation-EPARS,,"Lieu de formation pour EPARS",,"Internal"
https://mos.esante.gouv.fr/NOS/JDV_J236-TypeIdentifiant-ROR/FHIR/JDV-J236-TypeIdentifiant-ROR,1.5.0,active,"1.2.250.1.213.3.4.110",JDV_J236-TypeIdentifiant-ROR,,"Types d'identifiants utilisés dans le ROR",,"Internal"
https://mos.esante.gouv.fr/NOS/JDV_J237-RegionOM-ROR/FHIR/JDV-J237-RegionOM-ROR,1.5.0,retired,"1.2.250.1.213.3.4.64",JDV_J237-RegionOM-ROR,,"Région Outre-Mer et Monaco",,"Internal"
https://mos.esante.gouv.fr/NOS/JDV_J238-TypeOffre-ROR/FHIR/JDV-J238-TypeOffre-ROR,1.5.0,active,"1.2.250.1.213.3.4.65",JDV_J238-TypeOffre-ROR,,"Prestations que peut réaliser une structure et qui permettent de répondre au besoin de santé d'une personne",,"Internal"
https://mos.esante.gouv.fr/NOS/JDV_J239-SpecialitesSNP-SAS/FHIR/JDV-J239-SpecialitesSNP-SAS,1.5.0,active,"1.2.250.1.213.3.4.104",JDV_J239-SpecialitesSNP-SAS,,"Professions de santé participant au Service d'Accès aux Soins",,"Internal"
https://mos.esante.gouv.fr/NOS/JDV_J24-ProfessionAuteurNote-CISIS/FHIR/JDV-J24-ProfessionAuteurNote-CISIS,1.5.0,active,"1.2.250.1.213.1.1.5.99",JDV_J24-ProfessionAuteurNote-CISIS,,"Profession de l'auteur de la note du cahier de liaison - CI-SIS",,"Internal"
https://mos.esante.gouv.fr/NOS/JDV_J241-ThematiqueAnomalie-ROR/FHIR/JDV-J241-ThematiqueAnomalie-ROR,1.5.0,active,"1.2.250.1.213.3.4.106",JDV_J241-ThematiqueAnomalie-ROR,,"Thématique caractérisant une anomalie de donnée ROR",,"Internal"
https://mos.esante.gouv.fr/NOS/JDV_J242-ActionAnomalie-ROR/FHIR/JDV-J242-ActionAnomalie-ROR,1.5.0,active,"1.2.250.1.213.3.4.107",JDV_J242-ActionAnomalie-ROR,,"Action attendue dans le cadre de la gestion d'une anomalie de donnée dans le ROR",,"Internal"
https://mos.esante.gouv.fr/NOS/JDV_J244-StatutMetierAnomalie-ROR/FHIR/JDV-J244-StatutMetierAnomalie-ROR,1.5.0,active,"1.2.250.1.213.3.4.109",JDV_J244-StatutMetierAnomalie-ROR,,"Statut métier des anomalies",,"Internal"
https://mos.esante.gouv.fr/NOS/JDV_J245-Civilite-CISIS/FHIR/JDV-J245-Civilite-CISIS,1.5.0,active,"1.2.250.1.213.1.1.5.718",JDV_J245-Civilite-CISIS,,"Civilités CI-SIS",,"Internal"
https://mos.esante.gouv.fr/NOS/JDV_J246-Titre-CISIS/FHIR/JDV-J246-Titre-CISIS,1.5.0,active,"1.2.250.1.213.1.1.5.719",JDV_J246-Titre-CISIS,,"Civilités CI-SIS",,"Internal"
https://mos.esante.gouv.fr/NOS/JDV_J247-Pays-ROR/FHIR/JDV-J247-Pays-ROR,1.5.0,retired,"1.2.250.1.213.3.4.111",JDV_J247-Pays-ROR,,"Référentiel des codes pays provenant du COG INSEE - ROR",,"Internal"
https://mos.esante.gouv.fr/NOS/JDV_J248-DepartementOM-ROR/FHIR/JDV-J248-DepartementOM-ROR,1.5.0,retired,"1.2.250.1.213.3.4.112",JDV_J248-DepartementOM-ROR,,"Département (outre-mer et Monaco inclus) - ROR",,"Internal"
https://mos.esante.gouv.fr/NOS/JDV_J249-TerritoireSante-ROR/FHIR/JDV-J249-TerritoireSante-ROR,1.5.0,active,"1.2.250.1.213.3.4.113",JDV_J249-TerritoireSante-ROR,,"Territoire de Santé (au sens ARS) en France - ROR",,"Internal"
https://mos.esante.gouv.fr/NOS/JDV_J250-MotifStatutPersonnePriseChargeUnite/FHIR/JDV-J250-MotifStatutPersonnePriseChargeUnite,1.5.0,active,"1.2.250.1.213.3.4.114",JDV_J250-MotifStatutPersonnePriseChargeUnite,,"Motif du statut de la personne prise en charge au sein d'une unité",,"Internal"
https://mos.esante.gouv.fr/NOS/JDV_J251-MotifStatutPersonnePriseChargeESMS/FHIR/JDV-J251-MotifStatutPersonnePriseChargeESMS,1.5.0,active,"1.2.250.1.213.3.4.115",JDV_J251-MotifStatutPersonnePriseChargeESMS,,"Motif du statut de la personne prise en charge au sein d'un ESMS",,"Internal"
https://mos.esante.gouv.fr/NOS/JDV_J252-StatutPersonnePriseChargeESMS/FHIR/JDV-J252-StatutPersonnePriseChargeESMS,1.5.0,active,"1.2.250.1.213.3.4.116",JDV_J252-StatutPersonnePriseChargeESMS,,"Statut de la personne prise en charge au sein d'un ESMS",,"Internal"
https://mos.esante.gouv.fr/NOS/JDV_J253-StatutPersonnePriseChargeUnite/FHIR/JDV-J253-StatutPersonnePriseChargeUnite,1.5.0,active,"1.2.250.1.213.3.4.117",JDV_J253-StatutPersonnePriseChargeUnite,,"Statut de la personne prise en charge au sein d'une unité",,"Internal"
https://mos.esante.gouv.fr/NOS/JDV_J254-CategorieEtablissementESSMSPH/FHIR/JDV-J254-CategorieEtablissementESSMSPH,1.5.0,active,"1.2.250.1.213.3.4.218",JDV_J254-CategorieEtablissementESSMSPH,,"Liste les catégories d'établissements ESSMS (Etablissement ou Service Social ou Médico-Social) pour les personnes porteurs d'handicap",,"Internal"
https://mos.esante.gouv.fr/NOS/JDV_J255-SurspecialiteTransversale-RPPS/FHIR/JDV-J255-SurspecialiteTransversale-RPPS,1.5.0,active,"1.2.250.1.213.1.6.1.282",JDV_J255-SurspecialiteTransversale-RPPS,,"Surspécialité (compétence) acquise par l'interne à l'issue d'une Formation Spécialisée Transversale (FST)",,"Internal"
https://mos.esante.gouv.fr/NOS/JDV_J256-Pays/FHIR/JDV-J256-Pays,1.5.0,active,"1.2.250.1.213.1.1.5.762",JDV_J256-Pays,,"Tous les codes actifs de la nomenclature du COG INSEE pays auquel on ajoute le code applicatif ""non renseigné""",,"Internal"
https://mos.esante.gouv.fr/NOS/JDV_J257-Region/FHIR/JDV-J257-Region,1.5.0,active,"1.2.250.1.213.1.1.5.763",JDV_J257-Region,,"Tous les codes actifs des régions et collectivités d'outre-mer actives + Monaco du COG INSEE",,"Internal"
https://mos.esante.gouv.fr/NOS/JDV_J258-Departement/FHIR/JDV-J258-Departement,1.5.0,active,"1.2.250.1.213.1.1.5.764",JDV_J258-Departement,,"Tous les codes actifs des départements et collectivités d'outre-mer actives + Monaco du COG INSEE",,"Internal"
https://mos.esante.gouv.fr/NOS/JDV_J259-ModeFixationTarifaire-RASS/FHIR/JDV-J259-ModeFixationTarifaire-RASS,1.5.0,active,"1.2.250.1.213.1.6.1.283",JDV_J259-ModeFixationTarifaire-RASS,,"Mode de fixation tarifaire du RASS",,"Internal"
https://mos.esante.gouv.fr/NOS/JDV_J26-ModeGestion-ROR/FHIR/JDV-J26-ModeGestion-ROR,1.5.0,active,"1.2.250.1.213.3.3.24",JDV_J26-ModeGestion-ROR,,"Mode gestion - ROR",,"Internal"
https://mos.esante.gouv.fr/NOS/JDV_J260-TypeFermeture-RASS/FHIR/JDV-J260-TypeFermeture-RASS,1.5.0,active,"1.2.250.1.213.1.6.1.284",JDV_J260-TypeFermeture-RASS,,"Type de fermeture, codes provenant du FINESS pour les EJ et EG pour le RASS",,"Internal"
https://mos.esante.gouv.fr/NOS/JDV_J261-SourceInformationInstallation-RASS/FHIR/JDV-J261-SourceInformationInstallation-RASS,1.5.0,active,"1.2.250.1.213.1.6.1.285",JDV_J261-SourceInformationInstallation-RASS,,"Sources d'information possible concernant l'installation de l'activité sociale du RASS",,"Internal"
https://mos.esante.gouv.fr/NOS/JDV_J262-Sexe/FHIR/JDV-J262-Sexe,1.5.0,active,"1.2.250.1.213.1.1.5.766",JDV_J262-Sexe,,"Tous les codes actifs de la notion sexe",,"Internal"
https://mos.esante.gouv.fr/NOS/JDV_J264-ModeEtCentreDePriseEnCharge-MDPH/FHIR/JDV-J264-ModeEtCentreDePriseEnCharge-MDPH,1.5.0,active,"1.2.250.1.213.3.4.105",JDV_J264-ModeEtCentreDePriseEnCharge-MDPH,,"Les modes de prise en charge en établissements ESMS qui sont possibles pour l'usager est validées en commission par la CDAPH",,"Internal"
https://mos.esante.gouv.fr/NOS/JDV_J265-RoleMembreCercleDeSoins-CISIS/FHIR/JDV-J265-RoleMembreCercleDeSoins-CISIS,1.5.0,active,"1.2.250.1.213.1.1.5.795",JDV_J265-RoleMembreCercleDeSoins-CISIS,,"Rôles des membres d'un cercle de soins",,"Internal"
https://mos.esante.gouv.fr/NOS/JDV_J27-GroupeTarifaireDependance-ROR/FHIR/JDV-J27-GroupeTarifaireDependance-ROR,1.5.0,active,"1.2.250.1.213.3.3.26",JDV_J27-GroupeTarifaireDependance-ROR,,"Niveau de dépendance associé à un tarif d'un ESMS - ROR",,"Internal"
https://mos.esante.gouv.fr/NOS/JDV_J275-EMDN-UPNOS/FHIR/JDV-J275-EMDN-UPNOS,1.5.0,active,"1.2.250.1.213.1.1.5.798",JDV_J275-EMDN-UPNOS,,"Termes EMDN utilisés",,"Other"
https://mos.esante.gouv.fr/NOS/JDV_J276-SNOMED-UPNOS/FHIR/JDV-J276-SNOMED-UPNOS,1.5.0,active,"1.2.250.1.213.1.1.5.797",JDV_J276-SNOMED-UPNOS,,"Termes SNOMED-CT utilisés",,"SCT"
https://mos.esante.gouv.fr/NOS/JDV_J277-NCIT-CISIS/FHIR/JDV-J277-NCIT-CISIS,1.5.0,active,"1.2.250.1.213.1.1.5.796",JDV_J277-NCIT-CISIS,,"Termes NCIT utilisés",,"Other"
https://mos.esante.gouv.fr/NOS/JDV_J278-UcumUniteMesure-UPNOS/FHIR/JDV-J278-UcumUniteMesure-UPNOS,1.5.0,active,"1.2.250.1.213.3.3.248",JDV_J278-UcumUniteMesure-UPNOS,,"Termes UCUM utilisés",,"UCUM"
https://mos.esante.gouv.fr/NOS/JDV_J279-Loinc-UPNOS/FHIR/JDV-J279-Loinc-UPNOS,1.5.0,active,"1.2.250.1.213.1.1.5.800",JDV_J279-Loinc-UPNOS,,"Termes LOINC utilisés",,"LOINC"
https://mos.esante.gouv.fr/NOS/JDV_J28-OuvertureAnnuelle-ROR/FHIR/JDV-J28-OuvertureAnnuelle-ROR,1.5.0,active,"1.2.250.1.213.3.3.28",JDV_J28-OuvertureAnnuelle-ROR,,"Ouverture annuelle - ROR",,"Internal"
https://mos.esante.gouv.fr/NOS/JDV_J280-CIM10ATIH-UPNOS/FHIR/JDV-J280-CIM10ATIH-UPNOS,1.5.0,active,"1.2.250.1.213.1.1.5.810",JDV_J280-CIM10ATIH-UPNOS,,"Termes CIM 10 utilisés",,"Other"
https://mos.esante.gouv.fr/NOS/JDV_J281-StatutsRessourcesMS/FHIR/JDV-J281-StatutsRessourcesMS,1.5.0,active,"1.2.250.1.213.3.4.219",JDV_J281-StatutsRessourcesMS,,"Statut de l'évaluation et des événements",,"Internal"
https://mos.esante.gouv.fr/NOS/JDV_J282-TransportsLiesAuProjetIndividuel_SERAFIN/FHIR/JDV-J282-TransportsLiesAuProjetIndividuel-SERAFIN,1.5.0,active,"1.2.250.1.213.3.3.251",JDV_J282-TransportsLiesAuProjetIndividuel_SERAFIN,,"Liste les natures des transports liés au projet individuel provenant de la terminologie SERAFIN",,"Other"
https://mos.esante.gouv.fr/NOS/JDV_J283-PrestationsIndirects_SERAFIN/FHIR/JDV-J283-PrestationsIndirects-SERAFIN,1.5.0,active,"1.2.250.1.213.3.3.252",JDV_J283-PrestationsIndirects_SERAFIN,,"Liste des prestations indirects provenant de la terminologie SERAFIN",,"Other"
https://mos.esante.gouv.fr/NOS/JDV_J284-PrestationsDirects_SERAFIN/FHIR/JDV-J284-PrestationsDirects-SERAFIN,1.5.0,active,"1.2.250.1.213.3.3.253",JDV_J284-PrestationsDirects_SERAFIN,,"Liste des prestations directs provenant de la terminologie SERAFIN",,"Other"
https://mos.esante.gouv.fr/NOS/JDV_J285-Besoins_SERAFIN/FHIR/JDV-J285-Besoins-SERAFIN,1.5.0,active,"1.2.250.1.213.3.3.254",JDV_J285-Besoins_SERAFIN,,"Liste des besoins provenant de la terminologie SERAFIN",,"Other"
https://mos.esante.gouv.fr/NOS/JDV_J286_ProfilUtilisateurReferentielNational_ROR/FHIR/JDV-J286-ProfilUtilisateurReferentielNational-ROR,1.5.0,active,"1.2.250.1.213.3.3.256",JDV_J286_ProfilUtilisateurReferentielNational_ROR,,"Profils utilisateurs du ROR National",,"Internal"
https://mos.esante.gouv.fr/NOS/JDV_J29-PublicPrisEnCharge-ROR/FHIR/JDV-J29-PublicPrisEnCharge-ROR,1.5.0,active,"1.2.250.1.213.3.3.30",JDV_J29-PublicPrisEnCharge-ROR,,"Public pris en charge - ROR",,"Internal"
https://mos.esante.gouv.fr/NOS/JDV_J30-TemporaliteAccueil-ROR/FHIR/JDV-J30-TemporaliteAccueil-ROR,1.5.0,active,"1.2.250.1.213.3.3.32",JDV_J30-TemporaliteAccueil-ROR,,"Temporalité accueil - ROR",,"Internal"
https://mos.esante.gouv.fr/NOS/JDV_J31-AideFinanciere-ROR/FHIR/JDV-J31-AideFinanciere-ROR,1.5.0,active,"1.2.250.1.213.3.3.34",JDV_J31-AideFinanciere-ROR,,"Jeu de valeur de la nomenclature des aides financières - ROR",,"Internal"
https://mos.esante.gouv.fr/NOS/JDV_J32-TypeHabitation-ROR/FHIR/JDV-J32-TypeHabitation-ROR,1.5.0,active,"1.2.250.1.213.3.3.36",JDV_J32-TypeHabitation-ROR,,"Type habitation - ROR",,"Internal"
https://mos.esante.gouv.fr/NOS/JDV_J33-CompetenceSpecifique-ROR/FHIR/JDV-J33-CompetenceSpecifique-ROR,1.5.0,active,"1.2.250.1.213.3.3.38",JDV_J33-CompetenceSpecifique-ROR,,"Compétence spécifique - ROR",,"Internal"
https://mos.esante.gouv.fr/NOS/JDV_J34-CategorieOrganisation-ROR/FHIR/JDV-J34-CategorieOrganisation-ROR,1.5.0,active,"1.2.250.1.213.3.3.40",JDV_J34-CategorieOrganisation-ROR,,"Catégorie d'organisation - ROR",,"Internal"
https://mos.esante.gouv.fr/NOS/JDV_J35-SpecialisationDePriseEnCharge-ROR/FHIR/JDV-J35-SpecialisationDePriseEnCharge-ROR,1.5.0,active,"1.2.250.1.213.3.3.42",JDV_J35-SpecialisationDePriseEnCharge-ROR,,"Spécialisation de prise en charge - ROR",,"Internal"
https://mos.esante.gouv.fr/NOS/JDV_J36-TypeTarif-ROR/FHIR/JDV-J36-TypeTarif-ROR,1.5.0,active,"1.2.250.1.213.3.3.44",JDV_J36-TypeTarif-ROR,,"Type tarif - ROR",,"Internal"
https://mos.esante.gouv.fr/NOS/JDV_J37-UcumUniteTemps/FHIR/JDV-J37-UcumUniteTemps,1.5.0,active,"1.2.250.1.213.3.3.45",JDV_J37-UcumUniteTemps,,"UCUM - Unité de temps",,"UCUM"
https://mos.esante.gouv.fr/NOS/JDV_J38_ModeAcces-CISIS/FHIR/JDV-J38-ModeAcces-CISIS,1.5.0,active,"1.2.250.1.213.1.1.4.336",JDV_J38_ModeAcces-CISIS,,"Mode d'accès pour accéder à un SI santé avec données patients - CI-SIS",,"Internal"
https://mos.esante.gouv.fr/NOS/JDV_J39-ConditionTarifaire-ROR/FHIR/JDV-J39-ConditionTarifaire-ROR,1.5.0,active,"1.2.250.1.213.3.3.47",JDV_J39-ConditionTarifaire-ROR,,"Conditions d'accès à un tarif modulé",,"Internal"
https://mos.esante.gouv.fr/NOS/JDV_J41-TypeHoraire-ROR/FHIR/JDV-J41-TypeHoraire-ROR,1.5.0,active,"1.2.250.1.213.3.3.51",JDV_J41-TypeHoraire-ROR,,"Type horaire",,"Internal"
https://mos.esante.gouv.fr/NOS/JDV_J42-TypeMaternite-ROR/FHIR/JDV-J42-TypeMaternite-ROR,1.5.0,active,"1.2.250.1.213.3.3.53",JDV_J42-TypeMaternite-ROR,,"Type Maternité - ROR",,"Internal"
https://mos.esante.gouv.fr/NOS/JDV_J46-TypeEvenementNotification-CISIS/FHIR/JDV-J46-TypeEvenementNotification-CISIS,1.5.0,active,"1.2.250.1.213.1.1.5.101",JDV_J46-TypeEvenementNotification-CISIS,,"Liste de types d'évènement pour lesquels une notification est possible",,"Internal"
https://mos.esante.gouv.fr/NOS/JDV_J47-FunctionCode-CISIS/FHIR/JDV-J47-FunctionCode-CISIS,1.5.0,active,"1.2.250.1.213.1.1.5.124",JDV_J47-FunctionCode-CISIS,,"Jeux de valeurs des Rôles fonctionnels HL7 et CI-SIS",,"Internal"
https://mos.esante.gouv.fr/NOS/JDV_J48-ProfessionNonPS-CISIS/FHIR/JDV-J48-ProfessionNonPS-CISIS,1.5.0,retired,"1.2.250.1.213.1.1.5.123",JDV_J48-ProfessionNonPS-CISIS,,"Jeux de Valeurs des professions/spécialités des Non Ps",,"Internal"
https://mos.esante.gouv.fr/NOS/JDV_J49-UcumUniteLongueur/FHIR/JDV-J49-UcumUniteLongueur,1.5.0,active,"1.2.250.1.213.3.3.56",JDV_J49-UcumUniteLongueur,,"Unités de longueurs utilisées et référencées dans UCUM",,"UCUM"
https://mos.esante.gouv.fr/NOS/JDV_J50-AccessibiliteLieu-ROR/FHIR/JDV-J50-AccessibiliteLieu-ROR,1.5.0,active,"1.2.250.1.213.3.3.58",JDV_J50-AccessibiliteLieu-ROR,,"Niveaux d'accessibilité d'un établissement recevant du public (ERP) - ROR",,"Internal"
https://mos.esante.gouv.fr/NOS/JDV_J51-FamilleActiviteOperationnelle-ROR/FHIR/JDV-J51-FamilleActiviteOperationnelle-ROR,1.5.0,active,"1.2.250.1.213.3.3.62",JDV_J51-FamilleActiviteOperationnelle-ROR,,"Famille Activité Opérationnelle",,"Internal"
https://mos.esante.gouv.fr/NOS/JDV_J52-AvailabilityStatus-CISIS/FHIR/JDV-J52-AvailabilityStatus-CISIS,1.5.0,active,"1.2.250.1.213.1.1.5.131",JDV_J52-AvailabilityStatus-CISIS,,"Statut du document CI-SIS",,"Internal"
https://mos.esante.gouv.fr/NOS/JDV_J53-TypeRequeteGestionDossier-CISIS/FHIR/JDV-J53-TypeRequeteGestionDossier-CISIS,1.5.0,active,"1.2.250.1.213.1.1.5.132",JDV_J53-TypeRequeteGestionDossier-CISIS,,"Code de requêtes de gestion de dossier CI-SIS",,"Internal"
https://mos.esante.gouv.fr/NOS/JDV_J54-Profession-ROR/FHIR/JDV-J54-Profession-ROR,1.5.0,active,"1.2.250.1.213.3.3.64",JDV_J54-Profession-ROR,,"Profession de santé - ROR",,"Internal"
https://mos.esante.gouv.fr/NOS/JDV_J55-CategorieEG-ROR/FHIR/JDV-J55-CategorieEG-ROR,1.5.0,active,"1.2.250.1.213.3.3.65",JDV_J55-CategorieEG-ROR,,"Catégories d'établissements FINESS ou hors FINESS et secteurs d'activité des cabinets",,"Internal"
https://mos.esante.gouv.fr/NOS/JDV_J56-AuthorSpecialty-DMP/FHIR/JDV-J56-AuthorSpecialty-DMP,1.5.0,active,"1.2.250.1.213.1.1.5.1",JDV_J56-AuthorSpecialty-DMP,,"Jeu de valeurs pour authorSpecialty",,"Internal"
https://mos.esante.gouv.fr/NOS/JDV_J57-ClassCode-DMP/FHIR/JDV-J57-ClassCode-DMP,1.5.0,active,"1.2.250.1.213.1.1.5.6",JDV_J57-ClassCode-DMP,,"Jeu de valeurs pour métadonnée classCode",,"Internal"
https://mos.esante.gouv.fr/NOS/JDV_J58-ConfidentialityCode-DMP/FHIR/JDV-J58-ConfidentialityCode-DMP,1.5.0,active,"1.2.250.1.213.1.1.5.9",JDV_J58-ConfidentialityCode-DMP,,"Jeu de valeurs pour métadonnée confidentialityCode",,"Internal"
https://mos.esante.gouv.fr/NOS/JDV_J59-ContentTypeCode-DMP/FHIR/JDV-J59-ContentTypeCode-DMP,1.5.0,active,"1.2.250.1.213.1.1.5.2",JDV_J59-ContentTypeCode-DMP,,"Jeu de valeurs pour contentTypeCode",,"Internal"
https://mos.esante.gouv.fr/NOS/JDV_J60-FormatCode-DMP/FHIR/JDV-J60-FormatCode-DMP,1.5.0,active,"1.2.250.1.213.1.1.5.8",JDV_J60-FormatCode-DMP,,"Jeu de valeurs pour métadonnée formatCode",,"Internal"
https://mos.esante.gouv.fr/NOS/JDV_J61-HealthcareFacilityTypeCode-DMP/FHIR/JDV-J61-HealthcareFacilityTypeCode-DMP,1.5.0,active,"1.2.250.1.213.1.1.5.3",JDV_J61-HealthcareFacilityTypeCode-DMP,,"Jeu de valeurs pour healthcareFacilityTypeCode",,"Internal"
https://mos.esante.gouv.fr/NOS/JDV_J62-PracticeSettingCode-DMP/FHIR/JDV-J62-PracticeSettingCode-DMP,1.5.0,active,"1.2.250.1.213.1.1.5.4",JDV_J62-PracticeSettingCode-DMP,,"Jeu de valeurs pour practiceSettingCode",,"Internal"
https://mos.esante.gouv.fr/NOS/JDV_J64-RestrictionAudienceVIHF-DMP/FHIR/JDV-J64-RestrictionAudienceVIHF-DMP,1.5.0,active,"1.2.250.1.213.1.1.5.97",JDV_J64-RestrictionAudienceVIHF-DMP,,"Restriction d'audience pour les traces des VIHF",,"Internal"
https://mos.esante.gouv.fr/NOS/JDV_J65-SubjectRole-DMP/FHIR/JDV-J65-SubjectRole-DMP,1.5.0,active,"1.2.250.1.213.1.1.5.5",JDV_J65-SubjectRole-DMP,,"Jeu de valeurs pour subjectRole",,"Internal"
https://mos.esante.gouv.fr/NOS/JDV_J66-TypeCode-DMP/FHIR/JDV-J66-TypeCode-DMP,1.5.0,active,"1.2.250.1.213.1.1.5.7",JDV_J66-TypeCode-DMP,,"Jeu de valeurs pour métadonnée typeCode DMP",,"Internal,LOINC"
https://mos.esante.gouv.fr/NOS/JDV_J67-TraitementDocument-CISIS/FHIR/JDV-J67-TraitementDocument-CISIS,1.5.0,active,"1.2.250.1.213.1.1.5.460",JDV_J67-TraitementDocument-CISIS,,"Traitement du document-CISIS",,"Internal"
https://mos.esante.gouv.fr/NOS/JDV_J68-ProfilAccesReferentiel-ROR/FHIR/JDV-J68-ProfilAccesReferentiel-ROR,1.5.0,active,"1.2.250.1.213.3.3.66",JDV_J68-ProfilAccesReferentiel-ROR,,"Liste des rôles métiers définis dans la politique d'accès au ROR",,"Internal"
https://mos.esante.gouv.fr/NOS/JDV_J71-ProfessionFonction-MSSante/FHIR/JDV-J71-ProfessionFonction-MSSante,1.5.0,active,"1.2.250.1.213.1.9.1.2",JDV_J71-ProfessionFonction-MSSante,,"Professions et fonctions MSSanté",,"Internal"
https://mos.esante.gouv.fr/NOS/JDV_J72-TypeProfessionFonction-MSSante/FHIR/JDV-J72-TypeProfessionFonction-MSSante,1.5.0,active,"1.2.250.1.213.1.9.1.3",JDV_J72-TypeProfessionFonction-MSSante,,"Type des fonctions et des professions acceptées dans MS Santé",,"Internal"
https://mos.esante.gouv.fr/NOS/JDV_J73-MetierPharmacien-RASS/FHIR/JDV-J73-MetierPharmacien-RASS,1.5.0,active,"1.2.250.1.213.1.6.1.141",JDV_J73-MetierPharmacien-RASS,,"Ensemble des sections et sous-sections du tableau du CNOP dans le RASS",,"Internal"
https://mos.esante.gouv.fr/NOS/JDV_J74-Pays-RASS/FHIR/JDV-J74-Pays-RASS,1.5.0,retired,"1.2.250.1.213.1.6.1.142",JDV_J74-Pays-RASS,,"Pays (codes INSEE) du RASS",,"Internal"
https://mos.esante.gouv.fr/NOS/JDV_J75-TypeAutorisation-RASS/FHIR/JDV-J75-TypeAutorisation-RASS,1.5.0,active,"1.2.250.1.213.1.6.1.143",JDV_J75-TypeAutorisation-RASS,,"Type d'autorisation d'exercice pour accès à l'exercice de la profession du RASS",,"Internal"
https://mos.esante.gouv.fr/NOS/JDV_J76-DisciplineAutorisation-RASS/FHIR/JDV-J76-DisciplineAutorisation-RASS,1.5.0,active,"1.2.250.1.213.1.6.1.144",JDV_J76-DisciplineAutorisation-RASS,,"Discipline à laquelle l'autorisation d'exercice est restreinte dans le RASS",,"Internal"
https://mos.esante.gouv.fr/NOS/JDV_J77-TypeIdentifiantPersonne-RASS/FHIR/JDV-J77-TypeIdentifiantPersonne-RASS,1.5.0,active,"1.2.250.1.213.1.6.1.145",JDV_J77-TypeIdentifiantPersonne-RASS,,"Type d'identifiant national de personne physique du RASS",,"Internal"
https://mos.esante.gouv.fr/NOS/JDV_J78-Civilite-RASS/FHIR/JDV-J78-Civilite-RASS,1.5.0,active,"1.2.250.1.213.1.6.1.146",JDV_J78-Civilite-RASS,,"Civilités des personnes physiques du RASS",,"Internal"
https://mos.esante.gouv.fr/NOS/JDV_J79-CiviliteExercice-RASS/FHIR/JDV-J79-CiviliteExercice-RASS,1.5.0,active,"1.2.250.1.213.1.6.1.147",JDV_J79-CiviliteExercice-RASS,,"Civilités d'exercice d'un professionnel du RASS",,"Internal"
https://mos.esante.gouv.fr/NOS/JDV_J80-Sexe-RASS/FHIR/JDV-J80-Sexe-RASS,1.5.0,active,"1.2.250.1.213.1.6.1.148",JDV_J80-Sexe-RASS,,"Sexe des professionnels du RASS",,"Internal"
https://mos.esante.gouv.fr/NOS/JDV_J81-TypeDiplome-RASS/FHIR/JDV-J81-TypeDiplome-RASS,1.5.0,active,"1.2.250.1.213.1.6.1.149",JDV_J81-TypeDiplome-RASS,,"Types de diplôme du RASS",,"Internal"
https://mos.esante.gouv.fr/NOS/JDV_J82-Langue-RASS/FHIR/JDV-J82-Langue-RASS,1.5.0,active,"1.2.250.1.213.1.6.1.150",JDV_J82-Langue-RASS,,"Langues (codes ISO-639) des professionnels du RASS",,"Internal"
https://mos.esante.gouv.fr/NOS/JDV_J83-AutoriteEnregistrement-RASS/FHIR/JDV-J83-AutoriteEnregistrement-RASS,1.5.0,active,"1.2.250.1.213.1.6.1.151",JDV_J83-AutoriteEnregistrement-RASS,,"Autorités d'enregistrement des acteurs de santé du RASS",,"Internal"
https://mos.esante.gouv.fr/NOS/JDV_J84-DepartementOM-RASS/FHIR/JDV-J84-DepartementOM-RASS,1.5.0,retired,"1.2.250.1.213.1.6.1.152",JDV_J84-DepartementOM-RASS,,"Départements (outre-mer et Monaco inclus) pour le RASS",,"Internal"
https://mos.esante.gouv.fr/NOS/JDV_J85-StatutInscription-RASS/FHIR/JDV-J85-StatutInscription-RASS,1.5.0,active,"1.2.250.1.213.1.6.1.153",JDV_J85-StatutInscription-RASS,,"Statut avancement dossier de référencement personne du RASS auprès d'un ordre",,"Internal"
https://mos.esante.gouv.fr/NOS/JDV_J86-NatCycleForm-RASS/FHIR/JDV-J86-NatCycleForm-RASS,1.5.0,active,"1.2.250.1.213.1.6.1.154",JDV_J86-NatCycleForm-RASS,,"Natures du cycle de formation des professionnels du RASS",,"Internal"
https://mos.esante.gouv.fr/NOS/JDV_J87-NiveauFormAcquis-RASS/FHIR/JDV-J87-NiveauFormAcquis-RASS,1.5.0,active,"1.2.250.1.213.1.6.1.155",JDV_J87-NiveauFormAcquis-RASS,,"Niveau de formation acquis dans le cycle de formation des professionnels du RASS",,"Internal"
https://mos.esante.gouv.fr/NOS/JDV_J88-AnneeUniversitaire-RASS/FHIR/JDV-J88-AnneeUniversitaire-RASS,1.5.0,active,"1.2.250.1.213.1.6.1.156",JDV_J88-AnneeUniversitaire-RASS,,"Années universitaires des professionnels du RASS",,"Internal"
https://mos.esante.gouv.fr/NOS/JDV_J89-CategorieProfessionnelle-RASS/FHIR/JDV-J89-CategorieProfessionnelle-RASS,1.5.0,active,"1.2.250.1.213.1.6.1.157",JDV_J89-CategorieProfessionnelle-RASS,,"Catégories professionnelles dans le RASS",,"Internal"
https://mos.esante.gouv.fr/NOS/JDV_J90-AttributionParticuliere-RASS/FHIR/JDV-J90-AttributionParticuliere-RASS,1.5.0,active,"1.2.250.1.213.1.6.1.158",JDV_J90-AttributionParticuliere-RASS,,"Attributions particulières obtenues par certains professionnels du RASS",,"Internal"
https://mos.esante.gouv.fr/NOS/JDV_J91-TypeSavoirFaire-RASS/FHIR/JDV-J91-TypeSavoirFaire-RASS,1.5.0,active,"1.2.250.1.213.1.6.1.159",JDV_J91-TypeSavoirFaire-RASS,,"Types de savoir-faire des professionnels du RASS",,"Internal"
https://mos.esante.gouv.fr/NOS/JDV_J92-MotifFinActivite-RASS/FHIR/JDV-J92-MotifFinActivite-RASS,1.5.0,active,"1.2.250.1.213.1.6.1.160",JDV_J92-MotifFinActivite-RASS,,"Motifs de fin d'activité d'un professionnel du RASS",,"Internal"
https://mos.esante.gouv.fr/NOS/JDV_J93-RegionOM-RASS/FHIR/JDV-J93-RegionOM-RASS,1.5.0,retired,"1.2.250.1.213.1.6.1.161",JDV_J93-RegionOM-RASS,,"Régions (outre-mer et Monaco inclus) dans le RASS",,"Internal"
https://mos.esante.gouv.fr/NOS/JDV_J94-GenreActivite-RASS/FHIR/JDV-J94-GenreActivite-RASS,1.5.0,active,"1.2.250.1.213.1.6.1.162",JDV_J94-GenreActivite-RASS,,"Activités des professionnels RASS nécessitant des règles de gestion spécifiques",,"Internal"
https://mos.esante.gouv.fr/NOS/JDV_J95-ModeExercice-RASS/FHIR/JDV-J95-ModeExercice-RASS,1.5.0,active,"1.2.250.1.213.1.6.1.163",JDV_J95-ModeExercice-RASS,,"Modes d'exercice du professionnel du RASS",,"Internal"
https://mos.esante.gouv.fr/NOS/JDV_J96-TypeActiviteLiberale-RASS/FHIR/JDV-J96-TypeActiviteLiberale-RASS,1.5.0,active,"1.2.250.1.213.1.6.1.164",JDV_J96-TypeActiviteLiberale-RASS,,"Types d'activité libérale des professionnels du RASS",,"Internal"
https://mos.esante.gouv.fr/NOS/JDV_J97-StatutProfessionnelSSA-RASS/FHIR/JDV-J97-StatutProfessionnelSSA-RASS,1.5.0,active,"1.2.250.1.213.1.6.1.165",JDV_J97-StatutProfessionnelSSA-RASS,,"Statuts des professionnels du Service de Santé des Armées dans le RASS",,"Internal"
https://mos.esante.gouv.fr/NOS/JDV_J98-StatutHospitalier-RASS/FHIR/JDV-J98-StatutHospitalier-RASS,1.5.0,active,"1.2.250.1.213.1.6.1.166",JDV_J98-StatutHospitalier-RASS,,"Statut des professionnels intervenant dans un hôpital dans le RASS",,"Internal"
https://mos.esante.gouv.fr/NOS/JDV_J99-InseeNAFrav2Niveau5-RASS/FHIR/JDV-J99-InseeNAFrav2Niveau5-RASS,1.5.0,active,"1.2.250.1.213.1.6.1.167",JDV_J99-InseeNAFrav2Niveau5-RASS,,"Sous-classes de la Nomenclature Activités Française (INSEE) des prof du RASS",,"Internal"
